TIMESTAMP,TYPE,DEPARTMENT / NOTE,NO,MATERIAL NO,DESCRIPTION,QUANTITY,UNIT,UNIT PRICE,TOTAL VALUE,TRANSACTION DATE
"26/2/2026, 8:37:24",WITHDRAW,XB-C2,172,40001481,PLASTIC TAPE/เทปกาว (1/72)                                                                 4.49 บาท/ม้วน  ,12,RL,4.49,53.88,"26/2/2026, 8:37:24"
"26/2/2026, 8:37:36",WITHDRAW,XB-C2,3,40001154,ปากกาลูกลื่นสีน้ำเงิน (BB-C)                                                                          2 บาท/แท่ง,6,PC,2,12,"26/2/2026, 8:37:36"
"26/2/2026, 8:37:47",WITHDRAW,XB-C2,47,40001205,ปากกาสะท้อนแสง (BB-C)                                                                              23 บาท/อัน,4,PC,23,92,"26/2/2026, 8:37:47"
"26/2/2026, 8:38:00",WITHDRAW,XB-C2,64,40001243,แฟ้มพลาสติกใส่เอกสาร A4                                                                       2.61 บาท/แฟ้ม,12,PC,2.61,31.32,"26/2/2026, 8:38:00"
"26/2/2026, 8:38:24",WITHDRAW,XB-C2,19,40001175,ลวดหนีบกระดาษขนาด 3 ซม. (BB-C)                                                     5.70 บาท/กล่อง,2,BOX,5.7,11.4,"26/2/2026, 8:38:24"
"26/2/2026, 8:38:36",WITHDRAW,XB-C2,34,40001192,คลิปดำหนีบกระดาษขนาด NO. 110 (BB-C) 12 mm                                    1.15 บาท/อัน,12,PC,1.15,13.8,"26/2/2026, 8:38:36"
"26/2/2026, 8:38:58",WITHDRAW,XB-C2,36,40001194,คลิปดำหนีบกระดาษขนาด NO. 112 (BB-C) 8 mm                                      0.55 บาท/อัน,36,PC,0.55,19.8,"26/2/2026, 8:38:58"
"26/2/2026, 8:47:07",WITHDRAW,DX-A3,71,40001247,กระดาษเขียนจดหมายชื่อที่อยู่(THAI)                                                           260 บาท/รีม,1,RM,260,260,"26/2/2026, 8:47:07"
"26/2/2026, 8:47:40",WITHDRAW,DX-A3,191,40001514,ใบรายการรถเข้า-ออกคลังสินค้า                                                               สั่งพิมพ์ที่ BB-C ,1,BOX,0,0,"26/2/2026, 8:47:40"
"26/2/2026, 10:50:53",WITHDRAW,XB-B3,200,40001536,กล่องกระดาษลูกฟูก 5 ชั้น ขนาด 34x60x43                                                61 บาท/กล่อง,40,BOX,61,2440,"26/2/2026, 10:50:53"
"26/2/2026, 10:51:08",WITHDRAW,XB-B3,111,40001303,สมุดปกแข็งขนาด 5/100                                                                             73.50 บาท/เล่ม,1,PC,73.5,73.5,"26/2/2026, 10:51:08"
"26/2/2026, 10:51:25",WITHDRAW,XB-B3,97,40001285,หนังยางรัดของเส้นใหญ่                                                                                 240 บาท/ถุง ,1,BAG,420,420,"26/2/2026, 10:51:25"
"26/2/2026, 10:51:53",WITHDRAW,XB-B1,182,40001495,HANDLING REPORT OUTBOUND 3 COPY                                          59 บาท/กล่อง,2,BOX,59,118,"26/2/2026, 10:51:53"
"26/2/2026, 10:52:05",WITHDRAW,XB-B1,3,40001154,ปากกาลูกลื่นสีน้ำเงิน (BB-C)                                                                          2 บาท/แท่ง,10,PC,2,20,"26/2/2026, 10:52:05"
"26/2/2026, 10:52:20",WITHDRAW,XB-B1,17,40001172,ปากกาลบคำผิด                                                                                        45.25 บาท/แท่ง,2,PC,45.25,90.5,"26/2/2026, 10:52:20"
"27/2/2026, 11:03:19",WITHDRAW,DX-A3,64,40001243,แฟ้มพลาสติกใส่เอกสาร A4                                                                       2.61 บาท/แฟ้ม,2,PC,2.61,5.22,"27/2/2026, 11:03:19"
"27/2/2026, 11:03:35",WITHDRAW,DX-A3,174,20000341,แอลกอฮอร์ (1/35)                                                                                          35 บาท/ขวด,24,ขวด,35,840,"27/2/2026, 11:03:35"
"27/2/2026, 11:04:22",WITHDRAW,DX-A3,92,40001280,กระดาษกาว 2 หน้า(สีขาว)                                                                             35 บาท/ม้วน,3,RL,35,105,"27/2/2026, 11:04:22"
"27/2/2026, 11:04:44",WITHDRAW,DX-A3,202,20003241,เทปกาว 2 หน้า แบบหนา                                                                             219 บาท/ม้วน,2,PC,219,438,"27/2/2026, 11:04:44"
"27/2/2026, 11:05:06",WITHDRAW,XB-B2,170,40001477,PLASTIC ERAP/ฟิล์มยืด (1/6)                                                                    119 บาท/ม้วน ,6,RL,119,714,"27/2/2026, 11:05:06"
"27/2/2026, 11:05:26",WITHDRAW,XB-B2,172,40001481,PLASTIC TAPE/เทปกาว (1/72)                                                                 4.49 บาท/ม้วน  ,288,RL,4.49,1293.12,"27/2/2026, 11:05:26"
"27/2/2026, 11:06:04",WITHDRAW,XB-B2,173,40001482,กระดาษถ่ายเอกสารA-4                                                                                   67 บาท/รีม ,2,RM,67,134,"27/2/2026, 11:06:04"
"27/2/2026, 11:06:33",WITHDRAW,DX-A,173,40001482,กระดาษถ่ายเอกสารA-4                                                                                   67 บาท/รีม ,2,RM,67,134,"27/2/2026, 11:06:33"
"27/2/2026, 11:06:47",WITHDRAW,DX-A,64,40001243,แฟ้มพลาสติกใส่เอกสาร A4                                                                       2.61 บาท/แฟ้ม,1,PC,2.61,2.61,"27/2/2026, 11:06:47"
"27/2/2026, 11:07:01",WITHDRAW,DX-A,48,40001206,POST IT TAPE FLAG                                                                                27.10 บาท/อัน,1,PC,27.1,27.1,"27/2/2026, 11:07:01"
"27/2/2026, 11:07:19",WITHDRAW,DX-A,1,40001151,ดินสอดำ (BB-C)                                                                                         1.25 บาท/แท่ง  ,12,PC,1.25,15,"27/2/2026, 11:07:19"
"27/2/2026, 11:07:33",WITHDRAW,DX-A,36,40001194,คลิปดำหนีบกระดาษขนาด NO. 112 (BB-C) 8 mm                                      0.55 บาท/อัน,12,PC,0.55,6.6,"27/2/2026, 11:07:33"
"27/2/2026, 11:07:51",WITHDRAW,DX-A,201,10029826,เทปลบคำผิด                                                                                                    27 บาท/อัน,1,PC,27,27,"27/2/2026, 11:07:51"
"27/2/2026, 14:42:33",WITHDRAW,XB-D2,17,40001172,ปากกาลบคำผิด                                                                                        45.25 บาท/แท่ง,1,PC,45.25,45.25,"27/2/2026, 14:42:33"
"27/2/2026, 14:42:46",WITHDRAW,XB-D2,3,40001154,ปากกาลูกลื่นสีน้ำเงิน (BB-C)                                                                          2 บาท/แท่ง,2,PC,2,4,"27/2/2026, 14:42:46"
"2/3/2026, 10:00:55",WITHDRAW,XB-A1,193,40001519,"ใบชั่ง THAI1500                                                                                    1,200 บาท/กล่อง",3,BOX,1200,3600,"2/3/2026, 10:00:55"
"2/3/2026, 10:01:24",WITHDRAW,XB-A1,93,40001281,STAPLES/ลวดเย็บกระดาษM-8 (1/25)                                                       62 บาท/กล่อง,1,BOX,12.4,12.4,"2/3/2026, 10:01:24"
"2/3/2026, 10:01:50",WITHDRAW,XB-C4,11,40001163,ถ่านขนาดAA                                                                                            14.50 บาท/ก้อน,4,PC,14.5,58,"2/3/2026, 10:01:50"
"2/3/2026, 10:02:02",WITHDRAW,XB-C4,10,40001162,ถ่านขนาดAAA                                                                                        13.50 บาท/ก้อน,2,PC,13.5,27,"2/3/2026, 10:02:02"
"2/3/2026, 10:02:40",WITHDRAW,XB-B5,200,40001536,กล่องกระดาษลูกฟูก 5 ชั้น ขนาด 34x60x43                                                61 บาท/กล่อง,10,BOX,61,610,"2/3/2026, 10:02:40"
"2/3/2026, 10:03:04",WITHDRAW,XB-B5,17,40001172,ปากกาลบคำผิด                                                                                        45.25 บาท/แท่ง,7,PC,45.25,316.75,"2/3/2026, 10:03:04"
"2/3/2026, 10:03:38",WITHDRAW,XB-B1,172,40001481,PLASTIC TAPE/เทปกาว (1/72)                                                                 4.49 บาท/ม้วน  ,720,RL,4.49,3232.8,"2/3/2026, 10:03:38"
"2/3/2026, 10:03:54",WITHDRAW,XB-B1,181,40001492,TAG ULD/CONTAINER IDENTIFICATION TAG FOR CARGO         625 บาท/กล่อง,2,BOX,625,1250,"2/3/2026, 10:03:54"
"2/3/2026, 10:04:11",WITHDRAW,XB-B1,17,40001172,ปากกาลบคำผิด                                                                                        45.25 บาท/แท่ง,4,PC,45.25,181,"2/3/2026, 10:04:11"
"2/3/2026, 10:04:25",WITHDRAW,XB-B1,201,10029826,เทปลบคำผิด                                                                                                    27 บาท/อัน,4,PC,27,108,"2/3/2026, 10:04:25"
"2/3/2026, 10:05:16",WITHDRAW,XB-B1,44,40001202,เทปใส 3M (BB-C)                                                                                   37.57 บาท/ม้วน,2,RL,37.57,75.14,"2/3/2026, 10:05:16"
"2/3/2026, 10:05:33",WITHDRAW,XB-B1,45,40001203,แท่นตัดเทปใสขนาดเล็ก (BB-C)                                                                21.42 บาท/อัน,1,PC,21.42,21.42,"2/3/2026, 10:05:33"
"2/3/2026, 10:05:47",WITHDRAW,XB-B1,46,40001204,แท่นตัดเทปใสขนาดใหญ่ (BB-C)                                                              33.90 บาท/อัน,1,PC,33.9,33.9,"2/3/2026, 10:05:47"
"2/3/2026, 10:06:02",WITHDRAW,XB-B1,170,40001477,PLASTIC ERAP/ฟิล์มยืด (1/6)                                                                    119 บาท/ม้วน ,12,RL,119,1428,"2/3/2026, 10:06:02"
"2/3/2026, 15:21:00",WITHDRAW,XB-C4,173,40001482,กระดาษถ่ายเอกสารA-4                                                                                   67 บาท/รีม ,25,RM,67,1675,"2/3/2026, 15:21:00"
"2/3/2026, 15:21:14",WITHDRAW,XB-C4,101,40001291,ซองเอกสาร MAIL DOCUMENT CN38                                                   4.50 บาท/ซอง,3,BOX,4.5,13.5,"2/3/2026, 15:21:14"
"2/3/2026, 15:21:28",WITHDRAW,XB-C4,172,40001481,PLASTIC TAPE/เทปกาว (1/72)                                                                 4.49 บาท/ม้วน  ,216,RL,4.49,969.84,"2/3/2026, 15:21:28"
"2/3/2026, 15:21:50",WITHDRAW,XB-B5,172,40001481,PLASTIC TAPE/เทปกาว (1/72)                                                                 4.49 บาท/ม้วน  ,288,RL,4.49,1293.12,"2/3/2026, 15:21:50"
"2/3/2026, 15:22:10",WITHDRAW,XB-B5,149,40001366,ถุงมือผ้า (1/12)                                                                                                3.75 บาท/คู่,12,PR,3.75,45,"2/3/2026, 15:22:10"
"2/3/2026, 15:22:23",WITHDRAW,XB-B5,3,40001154,ปากกาลูกลื่นสีน้ำเงิน (BB-C)                                                                          2 บาท/แท่ง,12,PC,2,24,"2/3/2026, 15:22:23"
"2/3/2026, 15:22:36",WITHDRAW,XB-B5,170,40001477,PLASTIC ERAP/ฟิล์มยืด (1/6)                                                                    119 บาท/ม้วน ,24,RL,119,2856,"2/3/2026, 15:22:36"
"2/3/2026, 15:23:03",WITHDRAW,XB-D2,3,40001154,ปากกาลูกลื่นสีน้ำเงิน (BB-C)                                                                          2 บาท/แท่ง,2,PC,2,4,"2/3/2026, 15:23:03"
"2/3/2026, 15:23:25",WITHDRAW,XB-D2,93,40001281,STAPLES/ลวดเย็บกระดาษM-8 (1/25)                                                       62 บาท/กล่อง,5,BOX,12.4,62,"2/3/2026, 15:23:25"
"2/3/2026, 15:25:15",WITHDRAW,XB-C3,94,40001282,STAPLES/เครื่องเย็บกระดาษ                                                                    225 บาท/กล่อง,1,BOX,225,225,"2/3/2026, 15:25:15"
"2/3/2026, 15:25:41",WITHDRAW,XB-C3,173,40001482,กระดาษถ่ายเอกสารA-4                                                                                   67 บาท/รีม ,100,RM,67,6700,"2/3/2026, 15:25:41"
"2/3/2026, 15:26:28",RECEIVE,DX-A3/STORE,173,40001482,กระดาษถ่ายเอกสารA-4                                                                                   67 บาท/รีม ,2000,RM,67,134000,"2/3/2026, 15:26:28"
"2/3/2026, 15:27:04",ADJUST,ปรับโดยผู้ใช้,173,40001482,กระดาษถ่ายเอกสารA-4                                                                                   67 บาท/รีม ,-362,(จาก 2237 เป็น 1875),67,-24254,"2/3/2026, 15:27:04"
"2/3/2026, 15:27:32",WITHDRAW,XB-D1,173,40001482,กระดาษถ่ายเอกสารA-4                                                                                   67 บาท/รีม ,900,RM,67,60300,"2/3/2026, 15:27:32"
"2/3/2026, 15:28:05",WITHDRAW,XB-D1,173,40001482,กระดาษถ่ายเอกสารA-4                                                                                   67 บาท/รีม ,200,RM,67,13400,"2/3/2026, 15:28:05"
"2/3/2026, 15:28:30",ADJUST,ปรับโดยผู้ใช้,173,40001482,กระดาษถ่ายเอกสารA-4                                                                                   67 บาท/รีม ,4,(จาก 775 เป็น 779),67,268,"2/3/2026, 15:28:30"
"2/3/2026, 15:29:04",WITHDRAW,XB-C3,173,40001482,กระดาษถ่ายเอกสารA-4                                                                                   67 บาท/รีม ,500,RM,67,33500,"2/3/2026, 15:29:04"
"4/3/2026, 10:05:24",WITHDRAW,XB-C2,44,40001202,เทปใส 3M (BB-C)                                                                                   37.57 บาท/ม้วน,10,RL,37.57,375.7,"4/3/2026, 10:05:24"
"4/3/2026, 10:05:42",WITHDRAW,XB-C2,172,40001481,PLASTIC TAPE/เทปกาว (1/72)                                                                 4.49 บาท/ม้วน  ,720,RL,4.49,3232.8,"4/3/2026, 10:05:42"
"4/3/2026, 10:05:58",WITHDRAW,XB-C2,174,20000341,แอลกอฮอร์ (1/35)                                                                                          35 บาท/ขวด,2,ขวด,35,70,"4/3/2026, 10:05:58"
"4/3/2026, 10:06:15",WITHDRAW,XB-C2,97,40001285,หนังยางรัดของเส้นใหญ่                                                                                 240 บาท/ถุง ,3,BAG,420,1260,"4/3/2026, 10:06:15"
"4/3/2026, 10:07:37",WITHDRAW,XB-B2,172,40001481,PLASTIC TAPE/เทปกาว (1/72)                                                                 4.49 บาท/ม้วน  ,432,RL,4.49,1939.68,"4/3/2026, 10:07:37"
"4/3/2026, 10:07:58",WITHDRAW,XB-B2,172,40001481,PLASTIC TAPE/เทปกาว (1/72)                                                                 4.49 บาท/ม้วน  ,24,RL,4.49,107.76,"4/3/2026, 10:07:58"
"4/3/2026, 10:08:15",WITHDRAW,XB-B2,4,40001156,ปากกาเมจิกสีน้ำเงิน                                                                                    4.75 บาท/แท่ง,24,PC,4.75,114,"4/3/2026, 10:08:15"
"4/3/2026, 10:08:48",WITHDRAW,XB-B2,17,40001172,ปากกาลบคำผิด                                                                                        45.25 บาท/แท่ง,6,PC,45.25,271.5,"4/3/2026, 10:08:48"
"4/3/2026, 10:09:02",WITHDRAW,XB-B2,93,40001281,STAPLES/ลวดเย็บกระดาษM-8 (1/25)                                                       62 บาท/กล่อง,2,BOX,12.4,24.8,"4/3/2026, 10:09:02"
"4/3/2026, 10:09:19",WITHDRAW,XB-B2,173,40001482,กระดาษถ่ายเอกสารA-4                                                                                   67 บาท/รีม ,10,RM,67,670,"4/3/2026, 10:09:19"
"4/3/2026, 10:09:41",WITHDRAW,XB-B2,40,40001198,ใบมีดคัตเตอร์ขนาดใหญ่ (1/6)                                                                           6 บาท/ใบ,6,PC,6,36,"4/3/2026, 10:09:41"
"4/3/2026, 14:25:55",WITHDRAW,XB-B5,172,40001481,PLASTIC TAPE/เทปกาว (1/72)                                                                 4.49 บาท/ม้วน  ,216,RL,4.49,969.84,"4/3/2026, 14:25:55"
"4/3/2026, 14:26:13",WITHDRAW,XB-B5,3,40001154,ปากกาลูกลื่นสีน้ำเงิน (BB-C)                                                                          2 บาท/แท่ง,5,PC,2,10,"4/3/2026, 14:26:13"
"4/3/2026, 14:26:34",WITHDRAW,XB-B5,93,40001281,STAPLES/ลวดเย็บกระดาษM-8 (1/25)                                                       62 บาท/กล่อง,2,BOX,12.4,24.8,"4/3/2026, 14:26:33"
"4/3/2026, 14:26:54",WITHDRAW,XB-B5,94,40001282,STAPLES/เครื่องเย็บกระดาษ                                                                    225 บาท/กล่อง,2,BOX,225,450,"4/3/2026, 14:26:54"
"4/3/2026, 14:27:22",WITHDRAW,XB-B1,141,40001351,กระดานรองจด                                                                                                 28 บาท/อัน,3,PC,28,84,"4/3/2026, 14:27:22"
"4/3/2026, 14:27:53",WITHDRAW,XB-B1,172,40001481,PLASTIC TAPE/เทปกาว (1/72)                                                                 4.49 บาท/ม้วน  ,360,RL,4.49,1616.4,"4/3/2026, 14:27:53"
"4/3/2026, 14:28:07",WITHDRAW,XB-B1,186,40001501,LOADING DETAIL                                                                                สั่งพิมพ์ที่ BB-C ,3,BOX,0,0,"4/3/2026, 14:28:07"
"4/3/2026, 14:28:30",WITHDRAW,XB-B1,173,40001482,กระดาษถ่ายเอกสารA-4                                                                                   67 บาท/รีม ,25,RM,67,1675,"4/3/2026, 14:28:30"
"4/3/2026, 14:28:42",WITHDRAW,XB-B1,3,40001154,ปากกาลูกลื่นสีน้ำเงิน (BB-C)                                                                          2 บาท/แท่ง,10,PC,2,20,"4/3/2026, 14:28:42"
"4/3/2026, 14:28:56",WITHDRAW,XB-B1,201,10029826,เทปลบคำผิด                                                                                                    27 บาท/อัน,5,PC,27,135,"4/3/2026, 14:28:56"
"4/3/2026, 14:52:58",RECEIVE,DX-A3/STORE,7,40001159,ปากกาเคมีเส้นโต(หัวตัดสีน้ำเงิน) (BB-C)                                                     12 บาท/แท่ง,600,PC,12,7200,"4/3/2026, 14:52:58"
"4/3/2026, 14:53:56",WITHDRAW,XB-C1,172,40001481,PLASTIC TAPE/เทปกาว (1/72)                                                                 4.49 บาท/ม้วน  ,1728,RL,4.49,7758.72,"4/3/2026, 14:53:56"
"4/3/2026, 14:54:48",WITHDRAW,XB-C1,173,40001482,กระดาษถ่ายเอกสารA-4                                                                                   67 บาท/รีม ,35,RM,67,2345,"4/3/2026, 14:54:48"
"4/3/2026, 14:55:07",WITHDRAW,XB-C1,170,40001477,PLASTIC ERAP/ฟิล์มยืด (1/6)                                                                    119 บาท/ม้วน ,12,RL,119,1428,"4/3/2026, 14:55:07"
"4/3/2026, 14:55:36",WITHDRAW,XB-C1,174,20000341,แอลกอฮอร์ (1/35)                                                                                          35 บาท/ขวด,12,ขวด,35,420,"4/3/2026, 14:55:36"
"4/3/2026, 14:55:59",WITHDRAW,XB-C1,38,40001196,ใบมีดคัตเตอร์ (BB-C) (1/10)                                                                        1.70 บาท/ใบ,20,PC,1.7,34,"4/3/2026, 14:55:59"
"4/3/2026, 14:56:13",WITHDRAW,XB-C1,40,40001198,ใบมีดคัตเตอร์ขนาดใหญ่ (1/6)                                                                           6 บาท/ใบ,12,PC,6,72,"4/3/2026, 14:56:13"
"4/3/2026, 14:56:30",WITHDRAW,XB-C1,47,40001205,ปากกาสะท้อนแสง (BB-C)                                                                              23 บาท/อัน,6,PC,23,138,"4/3/2026, 14:56:30"
"4/3/2026, 14:56:44",WITHDRAW,XB-C1,17,40001172,ปากกาลบคำผิด                                                                                        45.25 บาท/แท่ง,5,PC,45.25,226.25,"4/3/2026, 14:56:44"
"4/3/2026, 14:57:05",WITHDRAW,XB-C1,141,40001351,กระดานรองจด                                                                                                 28 บาท/อัน,5,PC,28,140,"4/3/2026, 14:57:05"
"4/3/2026, 14:57:22",WITHDRAW,XB-C1,57,NA-62,สบู่เหลวล้างมือ                                                                                      92 บาท/แกลลอน,1,PC,92,92,"4/3/2026, 14:57:22"
"4/3/2026, 14:57:45",WITHDRAW,XB-C1,37,40001195,มีดคัตเตอร์ (BB-C)                                                                                       6.70 บาท/อัน,4,PC,6.7,26.8,"4/3/2026, 14:57:45"
"4/3/2026, 14:58:54",WITHDRAW,XB-B3,6,40001158,ปากกาเมจิกสีแดง                                                                                       4.75 บาท/แท่ง,48,PC,4.75,228,"4/3/2026, 14:58:54"
"4/3/2026, 15:11:21",WITHDRAW,XB-B3,4,40001156,ปากกาเมจิกสีน้ำเงิน                                                                                    4.75 บาท/แท่ง,48,PC,4.75,228,"4/3/2026, 15:11:21"
"4/3/2026, 15:11:41",WITHDRAW,XB-B3,23,40001179,หมึกเติมแท่นประทับตรายางสีน้ำเงิน (BB-C)                                             6.30 บาท/ขวด           ,3,BT,6.3,18.9,"4/3/2026, 15:11:41"
"4/3/2026, 15:11:53",WITHDRAW,XB-B3,24,40001180,หมึกเติมแท่นประทับตรายางสีแดง (BB-C)                                                6.30 บาท/ขวด ,3,BT,6.3,18.9,"4/3/2026, 15:11:53"
"4/3/2026, 15:12:15",WITHDRAW,XB-B3,1,40001151,ดินสอดำ (BB-C)                                                                                         1.25 บาท/แท่ง  ,12,PC,1.25,15,"4/3/2026, 15:12:15"
"4/3/2026, 15:12:27",WITHDRAW,XB-B3,49,40001207,กรรไกร                                                                                                             65 บาท/อัน,1,PC,65,65,"4/3/2026, 15:12:27"
"4/3/2026, 15:12:40",WITHDRAW,XB-B3,174,20000341,แอลกอฮอร์ (1/35)                                                                                          35 บาท/ขวด,12,ขวด,35,420,"4/3/2026, 15:12:40"
"4/3/2026, 15:12:53",WITHDRAW,XB-B3,173,40001482,กระดาษถ่ายเอกสารA-4                                                                                   67 บาท/รีม ,3,RM,67,201,"4/3/2026, 15:12:53"
"4/3/2026, 15:13:21",WITHDRAW,XB-B3,3,40001154,ปากกาลูกลื่นสีน้ำเงิน (BB-C)                                                                          2 บาท/แท่ง,10,PC,2,20,"4/3/2026, 15:13:21"
"4/3/2026, 15:13:40",WITHDRAW,XB-B3,24,40001180,หมึกเติมแท่นประทับตรายางสีแดง (BB-C)                                                6.30 บาท/ขวด ,3,BT,6.3,18.9,"4/3/2026, 15:13:40"
"5/3/2026, 13:37:04",WITHDRAW,XB-A1,174,20000341,แอลกอฮอร์ (1/35)                                                                                          35 บาท/ขวด,5,ขวด,35,175,"5/3/2026, 13:37:04"
"5/3/2026, 13:37:25",WITHDRAW,XB-A1,3,40001154,ปากกาลูกลื่นสีน้ำเงิน (BB-C)                                                                          2 บาท/แท่ง,12,PC,2,24,"5/3/2026, 13:37:25"
"5/3/2026, 13:37:40",WITHDRAW,XB-A1,17,40001172,ปากกาลบคำผิด                                                                                        45.25 บาท/แท่ง,8,PC,45.25,362,"5/3/2026, 13:37:40"
"5/3/2026, 13:37:53",WITHDRAW,XB-A1,181,40001492,TAG ULD/CONTAINER IDENTIFICATION TAG FOR CARGO         625 บาท/กล่อง,7,BOX,625,4375,"5/3/2026, 13:37:53"
"5/3/2026, 13:38:31",WITHDRAW,XB-A1,149,40001366,ถุงมือผ้า (1/12)                                                                                                3.75 บาท/คู่,24,PR,3.75,90,"5/3/2026, 13:38:31"
"5/3/2026, 13:38:46",WITHDRAW,XB-A1,94,40001282,STAPLES/เครื่องเย็บกระดาษ                                                                    225 บาท/กล่อง,3,BOX,225,675,"5/3/2026, 13:38:46"
"5/3/2026, 13:39:12",WITHDRAW,XB-B1,201,10029826,เทปลบคำผิด                                                                                                    27 บาท/อัน,2,PC,27,54,"5/3/2026, 13:39:12"
"5/3/2026, 13:39:30",WITHDRAW,XB-B1,3,40001154,ปากกาลูกลื่นสีน้ำเงิน (BB-C)                                                                          2 บาท/แท่ง,10,PC,2,20,"5/3/2026, 13:39:30"
"5/3/2026, 13:39:52",WITHDRAW,XB-B1,172,40001481,PLASTIC TAPE/เทปกาว (1/72)                                                                 4.49 บาท/ม้วน  ,288,RL,4.49,1293.12,"5/3/2026, 13:39:52"
"5/3/2026, 13:42:03",WITHDRAW,XB-B1,170,40001477,PLASTIC ERAP/ฟิล์มยืด (1/6)                                                                    119 บาท/ม้วน ,6,RL,119,714,"5/3/2026, 13:42:03"
"5/3/2026, 13:42:20",WITHDRAW,XB-B1,7,40001159,ปากกาเคมีเส้นโต(หัวตัดสีน้ำเงิน) (BB-C)                                                     12 บาท/แท่ง,12,PC,12,144,"5/3/2026, 13:42:20"
"5/3/2026, 13:42:48",WITHDRAW,XB-A2,48,40001206,POST IT TAPE FLAG                                                                                27.10 บาท/อัน,3,PC,27.1,81.3,"5/3/2026, 13:42:48"
"5/3/2026, 13:42:59",WITHDRAW,XB-A2,36,40001194,คลิปดำหนีบกระดาษขนาด NO. 112 (BB-C) 8 mm                                      0.55 บาท/อัน,24,PC,0.55,13.2,"5/3/2026, 13:42:59"
"5/3/2026, 13:43:13",WITHDRAW,XB-A2,35,40001193,คลิปดำหนีบกระดาษขนาด NO. 111 (BB-C) 10 mm                                    0.89 บาท/อัน,12,PC,0.89,10.68,"5/3/2026, 13:43:13"
"5/3/2026, 13:43:33",WITHDRAW,XB-A2,173,40001482,กระดาษถ่ายเอกสารA-4                                                                                   67 บาท/รีม ,5,RM,67,335,"5/3/2026, 13:43:33"
"5/3/2026, 13:43:59",WITHDRAW,XB-D2,150,40001367,เชือกฟางพลาสติก                                                                                         35 บาท/ม้วน,2,RL,35,70,"5/3/2026, 13:43:59"
"5/3/2026, 13:44:21",WITHDRAW,XB-D2,44,40001202,เทปใส 3M (BB-C)                                                                                   37.57 บาท/ม้วน,2,RL,37.57,75.14,"5/3/2026, 13:44:21"
"5/3/2026, 13:44:37",WITHDRAW,XB-D2,162,40001437,LABLE LIVE ANIMAL                                                                           425 บาท/กล่อง,2,BOX,0.85,1.7,"5/3/2026, 13:44:37"
"5/3/2026, 13:44:52",WITHDRAW,XB-D2,163,40001438,LABLE FRAGILE                                                                                    250 บาท/กล่อง,2,BOX,0.5,1,"5/3/2026, 13:44:52"
"5/3/2026, 13:45:28",WITHDRAW,XB-B2,172,40001481,PLASTIC TAPE/เทปกาว (1/72)                                                                 4.49 บาท/ม้วน  ,360,RL,4.49,1616.4,"5/3/2026, 13:45:28"
"5/3/2026, 13:45:43",WITHDRAW,XB-B2,181,40001492,TAG ULD/CONTAINER IDENTIFICATION TAG FOR CARGO         625 บาท/กล่อง,5,BOX,625,3125,"5/3/2026, 13:45:43"
"5/3/2026, 13:46:12",WITHDRAW,XB-B2,173,40001482,กระดาษถ่ายเอกสารA-4                                                                                   67 บาท/รีม ,20,RM,67,1340,"5/3/2026, 13:46:12"
"5/3/2026, 13:46:30",WITHDRAW,XB-B2,170,40001477,PLASTIC ERAP/ฟิล์มยืด (1/6)                                                                    119 บาท/ม้วน ,18,RL,119,2142,"5/3/2026, 13:46:30"
"5/3/2026, 13:47:20",WITHDRAW,XB-D2,173,40001482,กระดาษถ่ายเอกสารA-4                                                                                   67 บาท/รีม ,25,RM,67,1675,"5/3/2026, 13:47:20"
"5/3/2026, 13:47:30",WITHDRAW,XB-D2,169,40001475,MANUAL DOMESTIC AWB                                                                       165 บาท/รีม,5,RM,165,825,"5/3/2026, 13:47:30"
"5/3/2026, 13:47:59",WITHDRAW,XB-D2,192,40001518,STICKER SECURITY (1/100) XB-B5                                                        19 บาท/ม้วน,100,RL,19,1900,"5/3/2026, 13:47:59"
"5/3/2026, 13:48:17",WITHDRAW,XB-D2,214,NA-228,น้ำดื่ม                                                                                                          30 บาท/PACK,6,PACK,30,180,"5/3/2026, 13:48:17"
"5/3/2026, 13:49:20",WITHDRAW,XB-B2,149,40001366,ถุงมือผ้า (1/12)                                                                                                3.75 บาท/คู่,12,PR,3.75,45,"5/3/2026, 13:49:20"
"5/3/2026, 13:49:37",WITHDRAW,XB-B2,17,40001172,ปากกาลบคำผิด                                                                                        45.25 บาท/แท่ง,3,PC,45.25,135.75,"5/3/2026, 13:49:36"
"5/3/2026, 13:49:48",WITHDRAW,XB-B2,3,40001154,ปากกาลูกลื่นสีน้ำเงิน (BB-C)                                                                          2 บาท/แท่ง,3,PC,2,6,"5/3/2026, 13:49:48"
"5/3/2026, 13:50:00",WITHDRAW,XB-B2,39,40001197,มีดคัตเตอร์ขนาดใหญ่                                                                                    120 บาท/อัน,1,PC,120,120,"5/3/2026, 13:50:00"
"5/3/2026, 13:50:16",WITHDRAW,XB-B2,38,40001196,ใบมีดคัตเตอร์ (BB-C) (1/10)                                                                        1.70 บาท/ใบ,10,PC,1.7,17,"5/3/2026, 13:50:16"
"5/3/2026, 14:59:43",WITHDRAW,XB-B4,174,20000341,แอลกอฮอร์ (1/35)                                                                                          35 บาท/ขวด,2,ขวด,35,70,"5/3/2026, 14:59:43"
"5/3/2026, 14:59:56",WITHDRAW,XB-B4,17,40001172,ปากกาลบคำผิด                                                                                        45.25 บาท/แท่ง,2,PC,45.25,90.5,"5/3/2026, 14:59:56"
"5/3/2026, 15:00:17",WITHDRAW,XB-B4,90,40001275,SHIPPER'S DECLARATION FOR DANGEROUS GOODS                       60 บาท/เล่ม,2,PC,60,120,"5/3/2026, 15:00:17"
"5/3/2026, 15:01:05",WITHDRAW,DX-A2,44,40001202,เทปใส 3M (BB-C)                                                                                   37.57 บาท/ม้วน,2,RL,37.57,75.14,"5/3/2026, 15:01:05"
"5/3/2026, 15:01:20",WITHDRAW,DX-A2,20,40001176,ลวดหนีบกระดาษขนาด 5 ซม. (BB-C)                                                        35 บาท/กล่อง,3,BOX,35,105,"5/3/2026, 15:01:20"
"5/3/2026, 15:02:10",WITHDRAW,DX-A2,47,40001205,ปากกาสะท้อนแสง (BB-C)                                                                              23 บาท/อัน,4,PC,23,92,"5/3/2026, 15:02:10"
"5/3/2026, 15:02:41",WITHDRAW,DX-A2,15,40001169,ปากกาไวท์บอร์ดสีแดง                                                                                  14 บาท/แท่ง,2,PC,14,28,"5/3/2026, 15:02:41"
"5/3/2026, 15:02:53",WITHDRAW,DX-A2,37,40001195,มีดคัตเตอร์ (BB-C)                                                                                       6.70 บาท/อัน,1,PC,6.7,6.7,"5/3/2026, 15:02:53"
"5/3/2026, 15:03:07",WITHDRAW,DX-A2,144,40001358,ตะกร้าพลาสติก                                                                                                39 บาท/อัน,1,PC,39,39,"5/3/2026, 15:03:07"
"5/3/2026, 15:03:54",WITHDRAW,DX-A2,46,40001204,แท่นตัดเทปใสขนาดใหญ่ (BB-C)                                                              33.90 บาท/อัน,3,PC,33.9,101.7,"5/3/2026, 15:03:54"
"5/3/2026, 15:04:50",WITHDRAW,DX-A2,49,40001207,กรรไกร                                                                                                             65 บาท/อัน,1,PC,65,65,"5/3/2026, 15:04:50"
"5/3/2026, 15:05:05",WITHDRAW,DX-A2,36,40001194,คลิปดำหนีบกระดาษขนาด NO. 112 (BB-C) 8 mm                                      0.55 บาท/อัน,48,PC,0.55,26.4,"5/3/2026, 15:05:05"
"5/3/2026, 15:05:22",WITHDRAW,DX-A2,17,40001172,ปากกาลบคำผิด                                                                                        45.25 บาท/แท่ง,1,PC,45.25,45.25,"5/3/2026, 15:05:22"
"5/3/2026, 15:10:19",WITHDRAW,DX-A2,201,10029826,เทปลบคำผิด                                                                                                    27 บาท/อัน,1,PC,27,27,"5/3/2026, 15:10:19"
"5/3/2026, 15:10:34",WITHDRAW,DX-A2,48,40001206,POST IT TAPE FLAG                                                                                27.10 บาท/อัน,2,PC,27.1,54.2,"5/3/2026, 15:10:34"
"5/3/2026, 15:10:45",WITHDRAW,DX-A2,48,40001206,POST IT TAPE FLAG                                                                                27.10 บาท/อัน,2,PC,27.1,54.2,"5/3/2026, 15:10:45"
"5/3/2026, 15:10:52",WITHDRAW,DX-A2,94,40001282,STAPLES/เครื่องเย็บกระดาษ                                                                    225 บาท/กล่อง,1,BOX,225,225,"5/3/2026, 15:10:52"
"5/3/2026, 15:11:17",WITHDRAW,DX-A2,172,40001481,PLASTIC TAPE/เทปกาว (1/72)                                                                 4.49 บาท/ม้วน  ,216,RL,4.49,969.84,"5/3/2026, 15:11:17"
"5/3/2026, 15:11:27",WITHDRAW,DX-A2,182,40001495,HANDLING REPORT OUTBOUND 3 COPY                                          59 บาท/กล่อง,2,BOX,59,118,"5/3/2026, 15:11:27"
"6/3/2026, 15:15:00",WITHDRAW,XB-B5,192,40001518,STICKER SECURITY (1/100) XB-B5                                                        19 บาท/ม้วน,5,RL,19,95,"6/3/2026, 15:15:00"
"6/3/2026, 15:16:11",WITHDRAW,XB-B5,161,40001436,LABLE THIS WAY UP                                                                            339 บาท/กล่อง,2,BOX,339,678,"6/3/2026, 15:16:11"
"6/3/2026, 15:16:43",WITHDRAW,XB-B5,3,40001154,ปากกาลูกลื่นสีน้ำเงิน (BB-C)                                                                          2 บาท/แท่ง,10,PC,2,20,"6/3/2026, 15:16:43"
"6/3/2026, 15:16:58",WITHDRAW,XB-B5,37,40001195,มีดคัตเตอร์ (BB-C)                                                                                       6.70 บาท/อัน,3,PC,6.7,20.1,"6/3/2026, 15:16:58"
"6/3/2026, 15:17:16",WITHDRAW,XB-B5,172,40001481,PLASTIC TAPE/เทปกาว (1/72)                                                                 4.49 บาท/ม้วน  ,3,RL,4.49,13.47,"6/3/2026, 15:17:16"
"6/3/2026, 15:17:28",WITHDRAW,XB-B5,10,40001162,ถ่านขนาดAAA                                                                                        13.50 บาท/ก้อน,2,PC,13.5,27,"6/3/2026, 15:17:28"
"6/3/2026, 15:18:53",WITHDRAW,XB-D1,145,40001359,กระดาษบัตรคิว/XB CASHIER                                                                      77 บาท/ม้วน ,1,RL,77,77,"6/3/2026, 15:18:53"
"6/3/2026, 15:19:15",WITHDRAW,XB-D1,17,40001172,ปากกาลบคำผิด                                                                                        45.25 บาท/แท่ง,5,PC,45.25,226.25,"6/3/2026, 15:19:15"
"6/3/2026, 15:19:34",WITHDRAW,XB-D1,47,40001205,ปากกาสะท้อนแสง (BB-C)                                                                              23 บาท/อัน,12,PC,23,276,"6/3/2026, 15:19:34"
"6/3/2026, 15:19:52",WITHDRAW,XB-B1,170,40001477,PLASTIC ERAP/ฟิล์มยืด (1/6)                                                                    119 บาท/ม้วน ,12,RL,119,1428,"6/3/2026, 15:19:52"
"6/3/2026, 15:20:25",WITHDRAW,XB-B1,173,40001482,กระดาษถ่ายเอกสารA-4                                                                                   67 บาท/รีม ,5,RM,67,335,"6/3/2026, 15:20:25"
"6/3/2026, 15:20:56",WITHDRAW,XB-B1,172,40001481,PLASTIC TAPE/เทปกาว (1/72)                                                                 4.49 บาท/ม้วน  ,576,RL,4.49,2586.24,"6/3/2026, 15:20:56"
"6/3/2026, 15:23:06",WITHDRAW,XB-B1,181,40001492,TAG ULD/CONTAINER IDENTIFICATION TAG FOR CARGO         625 บาท/กล่อง,2,BOX,625,1250,"6/3/2026, 15:23:06"
"9/3/2026, 13:43:34",WITHDRAW,XA,34,40001192,คลิปดำหนีบกระดาษขนาด NO. 110 (BB-C) 12 mm                                    1.15 บาท/อัน,12,PC,1.15,13.8,"9/3/2026, 13:43:34"
"9/3/2026, 13:43:54",WITHDRAW,XA,70,40001246,กระดาษเขียนจดหมายชื่อที่อยู่ (ENG)                                                           260 บาท/รีม            ,2,RM,260,520,"9/3/2026, 13:43:54"
"9/3/2026, 13:44:13",WITHDRAW,XA,1,40001151,ดินสอดำ (BB-C)                                                                                         1.25 บาท/แท่ง  ,2,PC,1.25,2.5,"9/3/2026, 13:44:13"
"9/3/2026, 13:44:28",WITHDRAW,XA,42,40001200,กาวแท่ง UHU (BB-C)                                                                             16.80 บาท/แท่ง,1,BT,16.8,16.8,"9/3/2026, 13:44:28"
"9/3/2026, 13:44:39",WITHDRAW,XA,143,40001357,ตะกร้าใส่เอกสาร                                                                                              65 บาท/อัน,1,PC,65,65,"9/3/2026, 13:44:39"
"9/3/2026, 13:45:23",WITHDRAW,XA,103,40001293,ซองทึบสีน้ำตาลขนาดกลาง                                                                       2.10 บาท/แพ็ค,10,PAC,2.1,21,"9/3/2026, 13:45:23"
"9/3/2026, 13:45:38",WITHDRAW,XA,92,40001280,กระดาษกาว 2 หน้า(สีขาว)                                                                             35 บาท/ม้วน,1,RL,35,35,"9/3/2026, 13:45:38"
"9/3/2026, 13:46:16",WITHDRAW,XA,48,40001206,POST IT TAPE FLAG                                                                                27.10 บาท/อัน,2,PC,27.1,54.2,"9/3/2026, 13:46:16"
"9/3/2026, 13:46:40",WITHDRAW,XB,98,40001287,ซอง CO-MAIL ขนาดใหญ่(แบบไม่มีก้น) (1/25)                                        3.50 บาท/แพ็ค,25,PAC,3.5,87.5,"9/3/2026, 13:46:40"
"9/3/2026, 13:47:28",ADJUST,ปรับโดยผู้ใช้,99,40001288,ซอง CO-MAIL ขนาดใหญ่(แบบมีก้น)                                                       4.85 บาท/แพ็ค,141,(จาก 9 เป็น 150),4.85,683.85,"9/3/2026, 13:47:28"
"9/3/2026, 13:47:33",WITHDRAW,XB,99,40001288,ซอง CO-MAIL ขนาดใหญ่(แบบมีก้น)                                                       4.85 บาท/แพ็ค,25,PAC,4.85,121.25,"9/3/2026, 13:47:33"
"9/3/2026, 13:48:32",WITHDRAW,XB-C2,199,40001535,ซอง CARGO DOCUMENT สีม่วงแบบพลาสติก  XB-D1                       15.90 บาท/ซอง,20,PAC,15.9,318,"9/3/2026, 13:48:32"
"9/3/2026, 13:48:54",WITHDRAW,XB-C2,6,40001158,ปากกาเมจิกสีแดง                                                                                       4.75 บาท/แท่ง,12,PC,4.75,57,"9/3/2026, 13:48:54"
"9/3/2026, 13:50:17",ADJUST,ปรับโดยผู้ใช้,10,40001162,ถ่านขนาดAAA                                                                                        13.50 บาท/ก้อน,33,(จาก 27 เป็น 60),13.5,445.5,"9/3/2026, 13:50:17"
"9/3/2026, 13:50:23",WITHDRAW,DX-A/TRAINING,10,40001162,ถ่านขนาดAAA                                                                                        13.50 บาท/ก้อน,40,PC,13.5,540,"9/3/2026, 13:50:23"
"9/3/2026, 13:50:39",WITHDRAW,DX-A/TRAINING,4,40001156,ปากกาเมจิกสีน้ำเงิน                                                                                    4.75 บาท/แท่ง,24,PC,4.75,114,"9/3/2026, 13:50:39"
"9/3/2026, 13:50:56",WITHDRAW,DX-A/TRAINING,173,40001482,กระดาษถ่ายเอกสารA-4                                                                                   67 บาท/รีม ,20,RM,67,1340,"9/3/2026, 13:50:56"
"9/3/2026, 13:51:12",WITHDRAW,DX-A/TRAINING,1,40001151,ดินสอดำ (BB-C)                                                                                         1.25 บาท/แท่ง  ,12,PC,1.25,15,"9/3/2026, 13:51:12"
"9/3/2026, 13:51:35",WITHDRAW,DX-A/TRAINING,71,40001247,กระดาษเขียนจดหมายชื่อที่อยู่(THAI)                                                           260 บาท/รีม,1,RM,260,260,"9/3/2026, 13:51:35"
"9/3/2026, 13:52:59",WITHDRAW,XB-B3,58,20008746,ซองถนอมเอกสาร (1/20)                                                                         13.50 บาท/แพ็ค,20,PC,13.5,270,"9/3/2026, 13:52:59"
"9/3/2026, 13:53:17",WITHDRAW,XB-B3,196,40001529,แฟ้มสีม่วง 2 รู                                                                                               65 บาท/แฟ้ม,2,PC,65,130,"9/3/2026, 13:53:17"
"9/3/2026, 13:53:35",WITHDRAW,XB-B3,196,40001529,แฟ้มสีม่วง 2 รู                                                                                               65 บาท/แฟ้ม,2,PC,65,130,"9/3/2026, 13:53:35"
"9/3/2026, 13:54:23",WITHDRAW,XB-D1,93,40001281,STAPLES/ลวดเย็บกระดาษM-8 (1/25)                                                       62 บาท/กล่อง,50,BOX,12.4,620,"9/3/2026, 13:54:23"
"9/3/2026, 13:54:42",WITHDRAW,XB-D1,156,40001374,RIBBON OKI 182                                                                                        42บาท/กล่อง,30,BOX,42,1260,"9/3/2026, 13:54:42"
"9/3/2026, 13:54:59",WITHDRAW,XB-D1,44,40001202,เทปใส 3M (BB-C)                                                                                   37.57 บาท/ม้วน,30,RL,37.57,1127.1,"9/3/2026, 13:54:59"
"9/3/2026, 13:55:20",WITHDRAW,XB-D1,4,40001156,ปากกาเมจิกสีน้ำเงิน                                                                                    4.75 บาท/แท่ง,60,PC,4.75,285,"9/3/2026, 13:55:20"
"9/3/2026, 13:55:39",WITHDRAW,XB-D1,6,40001158,ปากกาเมจิกสีแดง                                                                                       4.75 บาท/แท่ง,48,PC,4.75,228,"9/3/2026, 13:55:39"
"9/3/2026, 13:56:01",WITHDRAW,XB-D1,16,40001171,ไม้บรรทัดขนาด 12 นิ้ว                                                                                   1.48 บาท/อัน,10,PC,1.48,14.8,"9/3/2026, 13:56:01"
"9/3/2026, 13:57:34",ADJUST,ปรับโดยผู้ใช้,5,40001157,ปากกาเมจิกสีดำ                                                                                         4.75 บาท/แท่ง ,4,(จาก 8 เป็น 12),4.75,19,"9/3/2026, 13:57:34"
"9/3/2026, 13:57:40",WITHDRAW,XB-D1,5,40001157,ปากกาเมจิกสีดำ                                                                                         4.75 บาท/แท่ง ,12,PC,4.75,57,"9/3/2026, 13:57:40"
"9/3/2026, 14:00:00",WITHDRAW,XB-D1,41,40001199,ยางลบดินสอ (BB-C)                                                                                  2.20 บาท/ก้อน,10,PC,2.2,22,"9/3/2026, 14:00:00"
"9/3/2026, 14:00:15",WITHDRAW,XB-D1,1,40001151,ดินสอดำ (BB-C)                                                                                         1.25 บาท/แท่ง  ,24,PC,1.25,30,"9/3/2026, 14:00:15"
"9/3/2026, 14:00:34",WITHDRAW,XB-D1,7,40001159,ปากกาเคมีเส้นโต(หัวตัดสีน้ำเงิน) (BB-C)                                                     12 บาท/แท่ง,12,PC,12,144,"9/3/2026, 14:00:34"
"9/3/2026, 14:00:41",WITHDRAW,XB-D1,7,40001159,ปากกาเคมีเส้นโต(หัวตัดสีน้ำเงิน) (BB-C)                                                     12 บาท/แท่ง,12,PC,12,144,"9/3/2026, 14:00:41"
"9/3/2026, 14:00:56",WITHDRAW,XB-D1,7,40001159,ปากกาเคมีเส้นโต(หัวตัดสีน้ำเงิน) (BB-C)                                                     12 บาท/แท่ง,36,PC,12,432,"9/3/2026, 14:00:56"
"9/3/2026, 14:01:10",WITHDRAW,XB-D1,174,20000341,แอลกอฮอร์ (1/35)                                                                                          35 บาท/ขวด,24,ขวด,35,840,"9/3/2026, 14:01:10"
"9/3/2026, 14:01:45",ADJUST,ปรับโดยผู้ใช้,209,20007692,ถุงมือยาง                                                                                                     79 บาท/กล่อง,50,(จาก 0 เป็น 50),79,3950,"9/3/2026, 14:01:45"
"9/3/2026, 14:01:52",WITHDRAW,XB-D1,209,20007692,ถุงมือยาง                                                                                                     79 บาท/กล่อง,2,BOX,79,158,"9/3/2026, 14:01:52"
"9/3/2026, 14:02:05",WITHDRAW,XB-D1,42,40001200,กาวแท่ง UHU (BB-C)                                                                             16.80 บาท/แท่ง,10,BT,16.8,168,"9/3/2026, 14:02:05"
"9/3/2026, 14:02:20",WITHDRAW,XB-D1,94,40001282,STAPLES/เครื่องเย็บกระดาษ                                                                    225 บาท/กล่อง,10,BOX,225,2250,"9/3/2026, 14:02:20"
"9/3/2026, 14:02:40",WITHDRAW,XB-D1,45,40001203,แท่นตัดเทปใสขนาดเล็ก (BB-C)                                                                21.42 บาท/อัน,2,PC,21.42,42.84,"9/3/2026, 14:02:40"
"9/3/2026, 14:02:59",WITHDRAW,XB-D1,96,40001284,หนังยางรัดของเส้นเล็ก                                                                              118.26 บาท/ถุง,5,BAG,118.26,591.3,"9/3/2026, 14:02:59"
"9/3/2026, 14:03:14",WITHDRAW,XB-D1,97,40001285,หนังยางรัดของเส้นใหญ่                                                                                 240 บาท/ถุง ,5,BAG,420,2100,"9/3/2026, 14:03:14"
"9/3/2026, 14:04:05",ADJUST,ปรับโดยผู้ใช้,99,40001288,ซอง CO-MAIL ขนาดใหญ่(แบบมีก้น)                                                       4.85 บาท/แพ็ค,250,(จาก 125 เป็น 375),4.85,1212.5,"9/3/2026, 14:04:05"
"9/3/2026, 14:04:12",WITHDRAW,XB-D1,99,40001288,ซอง CO-MAIL ขนาดใหญ่(แบบมีก้น)                                                       4.85 บาท/แพ็ค,250,PAC,4.85,1212.5,"9/3/2026, 14:04:12"
"9/3/2026, 14:04:29",WITHDRAW,XB-D1,178,40001487,"กระดาษต่อเนื่อง 9.5""X11""2/3 2 ชั้น                                                           790 บาท/กล่อง",10,BOX,790,7900,"9/3/2026, 14:04:29"
"9/3/2026, 14:04:49",WITHDRAW,XB-D1,195,40001522,กระดาษถ่ายเอกสาร F-14                                                                               118 บาท/รีม,5,RM,118,590,"9/3/2026, 14:04:49"
"9/3/2026, 14:05:06",WITHDRAW,XB-D1,206,40001544,ถุงกระสอบสีเขียว                                                                                        12.25 บาท/ใบ,50,PC,12.25,612.5,"9/3/2026, 14:05:06"
"9/3/2026, 14:40:29",WITHDRAW,XB-A2,3,40001154,ปากกาลูกลื่นสีน้ำเงิน (BB-C)                                                                          2 บาท/แท่ง,2,PC,2,4,"9/3/2026, 14:40:29"
"9/3/2026, 14:40:37",WITHDRAW,XB-A2,14,40001167,ปากกาไวท์บอร์ดสีน้ำเงิน                                                                               14 บาท/แท่ง,2,PC,14,28,"9/3/2026, 14:40:37"
"9/3/2026, 14:40:51",WITHDRAW,XB-A2,1,40001151,ดินสอดำ (BB-C)                                                                                         1.25 บาท/แท่ง  ,2,PC,1.25,2.5,"9/3/2026, 14:40:51"
"9/3/2026, 14:41:05",WITHDRAW,XB-A2,149,40001366,ถุงมือผ้า (1/12)                                                                                                3.75 บาท/คู่,12,PR,3.75,45,"9/3/2026, 14:41:05"
"11/3/2026, 13:09:23",WITHDRAW,XB-B5,170,40001477,PLASTIC ERAP/ฟิล์มยืด (1/6)                                                                    119 บาท/ม้วน ,30,RL,119,3570,"11/3/2026, 13:09:23"
"11/3/2026, 13:09:45",WITHDRAW,XB-B5,172,40001481,PLASTIC TAPE/เทปกาว (1/72)                                                                 4.49 บาท/ม้วน  ,144,RL,4.49,646.56,"11/3/2026, 13:09:45"
"11/3/2026, 13:09:55",WITHDRAW,XB-B5,181,40001492,TAG ULD/CONTAINER IDENTIFICATION TAG FOR CARGO         625 บาท/กล่อง,10,BOX,625,6250,"11/3/2026, 13:09:55"
"11/3/2026, 13:10:14",WITHDRAW,XB-B5,4,40001156,ปากกาเมจิกสีน้ำเงิน                                                                                    4.75 บาท/แท่ง,6,PC,4.75,28.5,"11/3/2026, 13:10:14"
"11/3/2026, 13:10:27",WITHDRAW,XB-B5,193,40001519,"ใบชั่ง THAI1500                                                                                    1,200 บาท/กล่อง",2,BOX,1200,2400,"11/3/2026, 13:10:27"
"11/3/2026, 13:11:04",WITHDRAW,XB-B5,7,40001159,ปากกาเคมีเส้นโต(หัวตัดสีน้ำเงิน) (BB-C)                                                     12 บาท/แท่ง,12,PC,12,144,"11/3/2026, 13:11:04"
"11/3/2026, 13:11:17",WITHDRAW,XB-B5,174,20000341,แอลกอฮอร์ (1/35)                                                                                          35 บาท/ขวด,5,ขวด,35,175,"11/3/2026, 13:11:17"
"11/3/2026, 13:11:58",WITHDRAW,DX-A/SAFETY,141,40001351,กระดานรองจด                                                                                                 28 บาท/อัน,1,PC,28,28,"11/3/2026, 13:11:58"
"11/3/2026, 13:13:04",RECEIVE,DX-A3/STORE,173,40001482,กระดาษถ่ายเอกสารA-4                                                                                   67 บาท/รีม ,150,RM,67,10050,"11/3/2026, 13:13:04"
"11/3/2026, 13:13:35",WITHDRAW,XB-D2,47,40001205,ปากกาสะท้อนแสง (BB-C)                                                                              23 บาท/อัน,2,PC,23,46,"11/3/2026, 13:13:35"
"11/3/2026, 13:13:49",WITHDRAW,XB-D2,19,40001175,ลวดหนีบกระดาษขนาด 3 ซม. (BB-C)                                                     5.70 บาท/กล่อง,1,BOX,5.7,5.7,"11/3/2026, 13:13:49"
"11/3/2026, 13:13:59",WITHDRAW,XB-D2,97,40001285,หนังยางรัดของเส้นใหญ่                                                                                 240 บาท/ถุง ,1,BAG,420,420,"11/3/2026, 13:13:59"
"11/3/2026, 13:14:28",WITHDRAW,XB-C2,17,40001172,ปากกาลบคำผิด                                                                                        45.25 บาท/แท่ง,2,PC,45.25,90.5,"11/3/2026, 13:14:28"
"11/3/2026, 13:15:00",WITHDRAW,XB-C2,201,10029826,เทปลบคำผิด                                                                                                    27 บาท/อัน,2,PC,27,54,"11/3/2026, 13:15:00"
"11/3/2026, 13:15:38",WITHDRAW,XB-B4,64,40001243,แฟ้มพลาสติกใส่เอกสาร A4                                                                       2.61 บาท/แฟ้ม,24,PC,2.61,62.64,"11/3/2026, 13:15:38"
"11/3/2026, 13:15:56",WITHDRAW,XB-B4,29,40001185,ที่ดึงลวดเย็บกระดาษ                                                                                  11.50 บาท/อัน,1,BOX,11.5,11.5,"11/3/2026, 13:15:56"
"11/3/2026, 13:16:23",WITHDRAW,XB-C1,172,40001481,PLASTIC TAPE/เทปกาว (1/72)                                                                 4.49 บาท/ม้วน  ,1728,RL,4.49,7758.72,"11/3/2026, 13:16:23"
"11/3/2026, 13:16:40",WITHDRAW,XB-C1,173,40001482,กระดาษถ่ายเอกสารA-4                                                                                   67 บาท/รีม ,20,RM,67,1340,"11/3/2026, 13:16:40"
"11/3/2026, 13:16:57",WITHDRAW,XB-C1,174,20000341,แอลกอฮอร์ (1/35)                                                                                          35 บาท/ขวด,12,ขวด,35,420,"11/3/2026, 13:16:57"
"11/3/2026, 13:17:35",WITHDRAW,XB-C1,9,40001161,หมึกเติมปากกาเคมีสีน้ำเงิน (BB-C)                                                              20 บาท/ขวด,2,BT,20,40,"11/3/2026, 13:17:35"
"11/3/2026, 13:17:51",WITHDRAW,XB-C1,7,40001159,ปากกาเคมีเส้นโต(หัวตัดสีน้ำเงิน) (BB-C)                                                     12 บาท/แท่ง,36,PC,12,432,"11/3/2026, 13:17:51"
"11/3/2026, 13:18:05",WITHDRAW,XB-C1,165,40001448,STICKER INSPECTION                                                                           0.38 บาท/แผ่น,3,PC,0.38,1.14,"11/3/2026, 13:18:05"
"11/3/2026, 15:18:44",WITHDRAW,XB-B2,172,40001481,PLASTIC TAPE/เทปกาว (1/72)                                                                 4.49 บาท/ม้วน  ,432,RL,4.49,1939.68,"11/3/2026, 15:18:44"
"11/3/2026, 15:18:57",WITHDRAW,XB-B2,170,40001477,PLASTIC ERAP/ฟิล์มยืด (1/6)                                                                    119 บาท/ม้วน ,12,RL,119,1428,"11/3/2026, 15:18:57"
"11/3/2026, 15:19:28",ADJUST,ปรับโดยผู้ใช้,141,40001351,กระดานรองจด                                                                                                 28 บาท/อัน,250,(จาก 0 เป็น 250),28,7000,"11/3/2026, 15:19:28"
"11/3/2026, 15:19:35",WITHDRAW,XB-B2,141,40001351,กระดานรองจด                                                                                                 28 บาท/อัน,1,PC,28,28,"11/3/2026, 15:19:35"
"11/3/2026, 15:19:48",WITHDRAW,XB-B2,37,40001195,มีดคัตเตอร์ (BB-C)                                                                                       6.70 บาท/อัน,1,PC,6.7,6.7,"11/3/2026, 15:19:48"
"11/3/2026, 15:20:18",WITHDRAW,XB-D3,173,40001482,กระดาษถ่ายเอกสารA-4                                                                                   67 บาท/รีม ,30,RM,67,2010,"11/3/2026, 15:20:18"
"11/3/2026, 15:20:38",WITHDRAW,XB-D3,171,40001480,กระดาษชำระ(ม้วนใหญ่) (1/12)                                                                    450 บาท/ม้วน ,12,RL,37.5,450,"11/3/2026, 15:20:38"
"11/3/2026, 15:21:01",WITHDRAW,XB-D3,172,40001481,PLASTIC TAPE/เทปกาว (1/72)                                                                 4.49 บาท/ม้วน  ,18,RL,4.49,80.82,"11/3/2026, 15:21:01"
"11/3/2026, 15:21:29",WITHDRAW,XB-B1,172,40001481,PLASTIC TAPE/เทปกาว (1/72)                                                                 4.49 บาท/ม้วน  ,720,RL,4.49,3232.8,"11/3/2026, 15:21:29"
"11/3/2026, 15:21:58",WITHDRAW,XB-C4,173,40001482,กระดาษถ่ายเอกสารA-4                                                                                   67 บาท/รีม ,50,RM,67,3350,"11/3/2026, 15:21:58"
"11/3/2026, 15:22:57",WITHDRAW,XB-C4,201,10029826,เทปลบคำผิด                                                                                                    27 บาท/อัน,5,PC,27,135,"11/3/2026, 15:22:57"
"11/3/2026, 15:23:09",WITHDRAW,XB-C4,44,40001202,เทปใส 3M (BB-C)                                                                                   37.57 บาท/ม้วน,3,RL,37.57,112.71,"11/3/2026, 15:23:09"
"11/3/2026, 15:23:19",WITHDRAW,XB-C4,16,40001171,ไม้บรรทัดขนาด 12 นิ้ว                                                                                   1.48 บาท/อัน,3,PC,1.48,4.44,"11/3/2026, 15:23:19"
"11/3/2026, 15:23:49",WITHDRAW,XB-B3,215,40001518,STICKER  SECURITY (1/100) XB-B3 มีหมายเลข                                     39 บาท/ม้วน,5,BOX,39,195,"11/3/2026, 15:23:49"
"11/3/2026, 15:24:08",WITHDRAW,XB-B3,3,40001154,ปากกาลูกลื่นสีน้ำเงิน (BB-C)                                                                          2 บาท/แท่ง,10,PC,2,20,"11/3/2026, 15:24:08"
"12/3/2026, 13:23:15",WITHDRAW,XB-B3,97,40001285,หนังยางรัดของเส้นใหญ่                                                                                 240 บาท/ถุง ,1,BAG,420,420,"12/3/2026, 13:23:15"
"12/3/2026, 13:24:26",WITHDRAW,XB-C2,20,40001176,ลวดหนีบกระดาษขนาด 5 ซม. (BB-C)                                                        35 บาท/กล่อง,5,BOX,35,175,"12/3/2026, 13:24:26"
"12/3/2026, 13:24:56",WITHDRAW,XB-C2,94,40001282,STAPLES/เครื่องเย็บกระดาษ                                                                    225 บาท/กล่อง,4,BOX,225,900,"12/3/2026, 13:24:56"
"12/3/2026, 13:25:11",WITHDRAW,XB-C2,174,20000341,แอลกอฮอร์ (1/35)                                                                                          35 บาท/ขวด,4,ขวด,35,140,"12/3/2026, 13:25:11"
"12/3/2026, 13:25:42",WITHDRAW,XB-A1,11,40001163,ถ่านขนาดAA                                                                                            14.50 บาท/ก้อน,6,PC,14.5,87,"12/3/2026, 13:25:42"
"12/3/2026, 13:26:00",WITHDRAW,XB-A1,181,40001492,TAG ULD/CONTAINER IDENTIFICATION TAG FOR CARGO         625 บาท/กล่อง,3,BOX,625,1875,"12/3/2026, 13:26:00"
"12/3/2026, 13:26:19",WITHDRAW,XB-A1,93,40001281,STAPLES/ลวดเย็บกระดาษM-8 (1/25)                                                       62 บาท/กล่อง,4,BOX,12.4,49.6,"12/3/2026, 13:26:19"
"12/3/2026, 13:26:59",ADJUST,ปรับโดยผู้ใช้,185,40001500,CARGO CONTROL SLIP                                                                      สั่งพิมพ์ที่ BB-C ,9,(จาก 1 เป็น 10),0,0,"12/3/2026, 13:26:59"
"12/3/2026, 13:27:16",WITHDRAW,XB-D4,185,40001500,CARGO CONTROL SLIP                                                                      สั่งพิมพ์ที่ BB-C ,5,BOX,0,0,"12/3/2026, 13:27:16"
"12/3/2026, 13:27:33",WITHDRAW,XB-D4,156,40001374,RIBBON OKI 182                                                                                        42บาท/กล่อง,60,BOX,42,2520,"12/3/2026, 13:27:33"
"12/3/2026, 13:27:59",WITHDRAW,XB-D1,4,40001156,ปากกาเมจิกสีน้ำเงิน                                                                                    4.75 บาท/แท่ง,24,PC,4.75,114,"12/3/2026, 13:27:59"
"12/3/2026, 13:29:02",WITHDRAW,XB-B1,172,40001481,PLASTIC TAPE/เทปกาว (1/72)                                                                 4.49 บาท/ม้วน  ,360,RL,4.49,1616.4,"12/3/2026, 13:29:02"
"12/3/2026, 13:29:15",WITHDRAW,XB-B1,181,40001492,TAG ULD/CONTAINER IDENTIFICATION TAG FOR CARGO         625 บาท/กล่อง,5,BOX,625,3125,"12/3/2026, 13:29:15"
"12/3/2026, 13:29:30",WITHDRAW,XB-B1,47,40001205,ปากกาสะท้อนแสง (BB-C)                                                                              23 บาท/อัน,5,PC,23,115,"12/3/2026, 13:29:30"
"12/3/2026, 13:34:03",WITHDRAW,XB-B1,201,10029826,เทปลบคำผิด                                                                                                    27 บาท/อัน,5,PC,27,135,"12/3/2026, 13:34:03"
"12/3/2026, 13:34:51",WITHDRAW,XB -B5,172,40001481,PLASTIC TAPE/เทปกาว (1/72)                                                                 4.49 บาท/ม้วน  ,216,RL,4.49,969.84,"12/3/2026, 13:34:51"
"12/3/2026, 13:35:02",WITHDRAW,XB -B5,3,40001154,ปากกาลูกลื่นสีน้ำเงิน (BB-C)                                                                          2 บาท/แท่ง,5,PC,2,10,"12/3/2026, 13:35:02"
"12/3/2026, 13:35:13",WITHDRAW,XB -B5,29,40001185,ที่ดึงลวดเย็บกระดาษ                                                                                  11.50 บาท/อัน,2,BOX,11.5,23,"12/3/2026, 13:35:13"
"12/3/2026, 13:35:33",WITHDRAW,XB -B5,193,40001519,"ใบชั่ง THAI1500                                                                                    1,200 บาท/กล่อง",2,BOX,1200,2400,"12/3/2026, 13:35:33"
"12/3/2026, 13:35:53",WITHDRAW,XB -B5,9,40001161,หมึกเติมปากกาเคมีสีน้ำเงิน (BB-C)                                                              20 บาท/ขวด,24,BT,20,480,"12/3/2026, 13:35:53"
"12/3/2026, 13:36:07",WITHDRAW,XB -B5,174,20000341,แอลกอฮอร์ (1/35)                                                                                          35 บาท/ขวด,2,ขวด,35,70,"12/3/2026, 13:36:07"
"12/3/2026, 15:42:10",WITHDRAW,XB -B3,58,20008746,ซองถนอมเอกสาร (1/20)                                                                         13.50 บาท/แพ็ค,20,PC,13.5,270,"12/3/2026, 15:42:10"
"13/3/2026, 13:48:36",WITHDRAW,XB-B2,42,40001200,กาวแท่ง UHU (BB-C)                                                                             16.80 บาท/แท่ง,1,BT,16.8,16.8,"13/3/2026, 13:48:36"
"13/3/2026, 14:00:37",WITHDRAW,XB-B2,172,40001481,PLASTIC TAPE/เทปกาว (1/72)                                                                 4.49 บาท/ม้วน  ,432,RL,4.49,1939.68,"13/3/2026, 14:00:37"
"13/3/2026, 14:03:20",WITHDRAW,XB-B2,181,40001492,TAG ULD/CONTAINER IDENTIFICATION TAG FOR CARGO         625 บาท/กล่อง,6,BOX,625,3750,"13/3/2026, 14:03:20"
"13/3/2026, 14:03:30",WITHDRAW,XB-B2,170,40001477,PLASTIC ERAP/ฟิล์มยืด (1/6)                                                                    119 บาท/ม้วน ,18,RL,119,2142,"13/3/2026, 14:03:30"
"13/3/2026, 14:03:50",WITHDRAW,XB-B2,173,40001482,กระดาษถ่ายเอกสารA-4                                                                                   67 บาท/รีม ,20,RM,67,1340,"13/3/2026, 14:03:50"
"13/3/2026, 14:04:29",WITHDRAW,XB-B2,42,40001200,กาวแท่ง UHU (BB-C)                                                                             16.80 บาท/แท่ง,1,BT,16.8,16.8,"13/3/2026, 14:04:29"
"13/3/2026, 14:04:55",WITHDRAW,XB-D3,173,40001482,กระดาษถ่ายเอกสารA-4                                                                                   67 บาท/รีม ,1,RM,67,67,"13/3/2026, 14:04:55"
"13/3/2026, 14:18:15",WITHDRAW,XB-B1,172,40001481,PLASTIC TAPE/เทปกาว (1/72)                                                                 4.49 บาท/ม้วน  ,432,RL,4.49,1939.68,"13/3/2026, 14:18:15"
"13/3/2026, 14:18:28",WITHDRAW,XB-B1,181,40001492,TAG ULD/CONTAINER IDENTIFICATION TAG FOR CARGO         625 บาท/กล่อง,2,BOX,625,1250,"13/3/2026, 14:18:28"
"13/3/2026, 14:18:43",WITHDRAW,XB-B1,3,40001154,ปากกาลูกลื่นสีน้ำเงิน (BB-C)                                                                          2 บาท/แท่ง,10,PC,2,20,"13/3/2026, 14:18:43"
"13/3/2026, 14:19:00",WITHDRAW,XB-B1,201,10029826,เทปลบคำผิด                                                                                                    27 บาท/อัน,6,PC,27,162,"13/3/2026, 14:19:00"
"13/3/2026, 14:19:58",WITHDRAW,XB-B1,47,40001205,ปากกาสะท้อนแสง (BB-C)                                                                              23 บาท/อัน,6,PC,"13/3/2026, 14:19:58",,
"13/3/2026, 14:19:58",WITHDRAW,XB-B1,47,40001205,ปากกาสะท้อนแสง (BB-C)                                                                              23 บาท/อัน,6,PC,"13/3/2026, 14:19:58",,
"13/3/2026, 14:20:46",WITHDRAW,XB-B1,93,40001281,STAPLES/ลวดเย็บกระดาษM-8 (1/25)                                                       62 บาท/กล่อง,2,BOX,"13/3/2026, 14:20:46",,
"13/3/2026, 14:20:47",WITHDRAW,XB-B1,93,40001281,STAPLES/ลวดเย็บกระดาษM-8 (1/25)                                                       62 บาท/กล่อง,2,BOX,"13/3/2026, 14:20:47",,
"13/3/2026, 14:24:56",WITHDRAW,DX-A2,49,40001207,กรรไกร                                                                                                             65 บาท/อัน,2,PC,"13/3/2026, 14:24:56",,
"13/3/2026, 14:25:10",WITHDRAW,DX-A2,44,40001202,เทปใส 3M (BB-C)                                                                                   37.57 บาท/ม้วน,1,RL,"13/3/2026, 14:25:10",,
"13/3/2026, 14:25:30",WITHDRAW,DX-A2,29,40001185,ที่ดึงลวดเย็บกระดาษ                                                                                  11.50 บาท/อัน,2,BOX,"13/3/2026, 14:25:30",,
"13/3/2026, 14:25:43",WITHDRAW,DX-A2,94,40001282,STAPLES/เครื่องเย็บกระดาษ                                                                    225 บาท/กล่อง,1,BOX,"13/3/2026, 14:25:43",,
"13/3/2026, 14:26:05",WITHDRAW,DX-A2,201,10029826,เทปลบคำผิด                                                                                                    27 บาท/อัน,2,PC,"13/3/2026, 14:26:05",,
"13/3/2026, 14:26:27",WITHDRAW,DX-A2,1,40001151,ดินสอดำ (BB-C)                                                                                         1.25 บาท/แท่ง  ,1,PC,"13/3/2026, 14:26:27",,
"13/3/2026, 14:27:05",WITHDRAW,DX-A2,19,40001175,ลวดหนีบกระดาษขนาด 3 ซม. (BB-C)                                                     5.70 บาท/กล่อง,1,BOX,"13/3/2026, 14:27:05",,
"13/3/2026, 14:27:24",WITHDRAW,DX-A2,48,40001206,POST IT TAPE FLAG                                                                                27.10 บาท/อัน,1,PC,"13/3/2026, 14:27:24",,
"13/3/2026, 14:35:20",WITHDRAW,XB-B4,173,40001482,กระดาษถ่ายเอกสารA-4                                                                                   67 บาท/รีม ,30,RM,"13/3/2026, 14:35:20",,
"13/3/2026, 14:36:28",WITHDRAW,XB-B4,9,40001161,หมึกเติมปากกาเคมีสีน้ำเงิน (BB-C)                                                              20 บาท/ขวด,12,BT,"13/3/2026, 14:36:28",,
"13/3/2026, 14:36:39",WITHDRAW,XB-B4,174,20000341,แอลกอฮอร์ (1/35)                                                                                          35 บาท/ขวด,10,ขวด,"13/3/2026, 14:36:39",,
"13/3/2026, 14:37:28",WITHDRAW,XB-B4,170,40001477,PLASTIC ERAP/ฟิล์มยืด (1/6)                                                                    119 บาท/ม้วน ,36,RL,"13/3/2026, 14:37:28",,
"13/3/2026, 14:38:41",WITHDRAW,XB-B4,37,40001195,มีดคัตเตอร์ (BB-C)                                                                                       6.70 บาท/อัน,6,PC,"13/3/2026, 14:38:41",,
"13/3/2026, 14:39:21",WITHDRAW,XB-B4,17,40001172,ปากกาลบคำผิด                                                                                        45.25 บาท/แท่ง,10,PC,"13/3/2026, 14:39:21",,
"16/3/2026, 13:55:44",WITHDRAW,XB-C1,172,40001481,PLASTIC TAPE/เทปกาว (1/72)                                                                 4.49 บาท/ม้วน  ,864,RL,4.49,3879.36,"16/3/2026, 13:55:44"
"16/3/2026, 13:57:28",WITHDRAW,XB-C1,173,40001482,กระดาษถ่ายเอกสารA-4                                                                                   67 บาท/รีม ,35,RM,37,1295,"16/3/2026, 13:57:28"
"16/3/2026, 13:58:23",WITHDRAW,XB-C1,174,20000341,แอลกอฮอร์ (1/35)                                                                                          35 บาท/ขวด,12,ขวด,25,300,"16/3/2026, 13:58:23"
"16/3/2026, 14:01:18",WITHDRAW,XB-B1,172,40001481,PLASTIC TAPE/เทปกาว (1/72)                                                                 4.49 บาท/ม้วน  ,360,RL,4.49,1616.4,"16/3/2026, 14:01:18"
"16/3/2026, 14:01:34",WITHDRAW,XB-B1,36,40001194,คลิปดำหนีบกระดาษขนาด NO. 112 (BB-C) 8 mm                                      0.55 บาท/อัน,36,PC,0.55,19.8,"16/3/2026, 14:01:33"
"16/3/2026, 14:01:47",WITHDRAW,XB-B1,19,40001175,ลวดหนีบกระดาษขนาด 3 ซม. (BB-C)                                                     5.70 บาท/กล่อง,6,BOX,4,24,"16/3/2026, 14:01:47"
"16/3/2026, 14:02:55",WITHDRAW,XB-D2,171,40001480,กระดาษชำระ(ม้วนใหญ่) (1/12)                                                                    450 บาท/ม้วน ,24,RL,37.5,900,"16/3/2026, 14:02:55"
"16/3/2026, 14:03:35",WITHDRAW,XB-A2,173,40001482,กระดาษถ่ายเอกสารA-4                                                                                   67 บาท/รีม ,5,RM,37,185,"16/3/2026, 14:03:35"
"16/3/2026, 14:04:02",WITHDRAW,XB-A2,11,40001163,ถ่านขนาดAA                                                                                            14.50 บาท/ก้อน,8,PC,14.5,116,"16/3/2026, 14:04:02"
"16/3/2026, 14:05:42",WITHDRAW,XB-A2,48,40001206,POST IT TAPE FLAG                                                                                27.10 บาท/อัน,3,PC,26,78,"16/3/2026, 14:05:42"
"16/3/2026, 14:06:17",WITHDRAW,XB-A2,18,40001174,ขี้ผึ้งนับกระดาษ                                                                                          17.60 บาท/อัน,2,BOX,17.6,35.2,"16/3/2026, 14:06:17"
"16/3/2026, 14:06:35",WITHDRAW,XB-A2,149,40001366,ถุงมือผ้า (1/12)                                                                                                3.75 บาท/คู่,12,PR,3.75,45,"16/3/2026, 14:06:35"
"16/3/2026, 14:55:55",WITHDRAW,XB-B3,143,40001357,ตะกร้าใส่เอกสาร                                                                                              65 บาท/อัน,1,PC,65,65,"16/3/2026, 14:55:55"
"17/3/2026, 16:22:21",WITHDRAW,XB-D2,93,40001281,STAPLES/ลวดเย็บกระดาษM-8 (1/25)                                                       62 บาท/กล่อง,12,BOX,8,96,"17/3/2026, 16:22:21"
"17/3/2026, 16:23:07",WITHDRAW,XB-B3,49,40001207,กรรไกร                                                                                                             65 บาท/อัน,1,PC,63,63,"17/3/2026, 16:23:07"
"17/3/2026, 16:24:40",WITHDRAW,XB-A,18,40001174,ขี้ผึ้งนับกระดาษ                                                                                          17.60 บาท/อัน,1,BOX,17.6,17.6,"17/3/2026, 16:24:40"
"17/3/2026, 16:25:25",WITHDRAW,DX-A1,214,NA-228,น้ำดื่ม                                                                                                          30 บาท/PACK,2,PACK,30,60,"17/3/2026, 16:25:25"
"17/3/2026, 16:25:45",WITHDRAW,DX-A1,17,40001172,ปากกาลบคำผิด                                                                                        45.25 บาท/แท่ง,1,PC,35,35,"17/3/2026, 16:25:45"
"17/3/2026, 16:26:17",WITHDRAW,XB-B1,172,40001481,PLASTIC TAPE/เทปกาว (1/72)                                                                 4.49 บาท/ม้วน  ,288,RL,4.49,1293.12,"17/3/2026, 16:26:17"
"17/3/2026, 16:26:26",WITHDRAW,XB-B1,181,40001492,TAG ULD/CONTAINER IDENTIFICATION TAG FOR CARGO         625 บาท/กล่อง,2,BOX,625,1250,"17/3/2026, 16:26:26"
"17/3/2026, 16:26:40",WITHDRAW,XB-B1,142,40001354,PLASTIC REQUEST FORM                                                                        70 บาท/เล่ม,20,PC,70,1400,"17/3/2026, 16:26:40"
"17/3/2026, 16:26:54",WITHDRAW,XB-B1,182,40001495,HANDLING REPORT OUTBOUND 3 COPY                                          59 บาท/กล่อง,1,BOX,59,59,"17/3/2026, 16:26:54"
"17/3/2026, 16:27:16",WITHDRAW,XB-B1,93,40001281,STAPLES/ลวดเย็บกระดาษM-8 (1/25)                                                       62 บาท/กล่อง,2,BOX,8,16,"17/3/2026, 16:27:16"
"17/3/2026, 16:27:52",WITHDRAW,XB-B1,3,40001154,ปากกาลูกลื่นสีน้ำเงิน (BB-C)                                                                          2 บาท/แท่ง,10,PC,2,20,"17/3/2026, 16:27:52"
"17/3/2026, 16:28:08",WITHDRAW,XB-B1,17,40001172,ปากกาลบคำผิด                                                                                        45.25 บาท/แท่ง,3,PC,35,105,"17/3/2026, 16:28:08"
"17/3/2026, 16:28:17",WITHDRAW,XB-B1,201,10029826,เทปลบคำผิด                                                                                                    27 บาท/อัน,3,PC,25,75,"17/3/2026, 16:28:17"
"17/3/2026, 16:28:31",WITHDRAW,XB-B1,7,40001159,ปากกาเคมีเส้นโต(หัวตัดสีน้ำเงิน) (BB-C)                                                     12 บาท/แท่ง,12,PC,12,144,"17/3/2026, 16:28:31"
"17/3/2026, 16:28:41",WITHDRAW,XB-B1,37,40001195,มีดคัตเตอร์ (BB-C)                                                                                       6.70 บาท/อัน,1,PC,0,0,"17/3/2026, 16:28:41"
"17/3/2026, 16:28:52",WITHDRAW,XB-B1,47,40001205,ปากกาสะท้อนแสง (BB-C)                                                                              23 บาท/อัน,2,PC,11,22,"17/3/2026, 16:28:52"
"17/3/2026, 16:29:11",WITHDRAW,XB-B1,47,40001205,ปากกาสะท้อนแสง (BB-C)                                                                              23 บาท/อัน,4,PC,11,44,"17/3/2026, 16:29:11"
"17/3/2026, 16:29:20",WITHDRAW,XB-B1,201,10029826,เทปลบคำผิด                                                                                                    27 บาท/อัน,3,PC,25,75,"17/3/2026, 16:29:20"
"17/3/2026, 16:29:32",WITHDRAW,XB-B1,35,40001193,คลิปดำหนีบกระดาษขนาด NO. 111 (BB-C) 10 mm                                    0.89 บาท/อัน,24,PC,0.89,21.36,"17/3/2026, 16:29:32"
"17/3/2026, 16:29:44",WITHDRAW,XB-B1,34,40001192,คลิปดำหนีบกระดาษขนาด NO. 110 (BB-C) 12 mm                                    1.15 บาท/อัน,24,PC,1.15,27.6,"17/3/2026, 16:29:44"
"20/3/2026, 14:53:17",WITHDRAW,XB-D2,114,40001307,TAG SMALL CARGO                                                                             300 บาท/กล่อง,2,BOX,0.6,1.2,"20/3/2026, 14:53:17"
"20/3/2026, 14:53:43",WITHDRAW,XB,175,40001484,กระดาษ D/O XB-D1                                                                                      133 บาท/รีม,20,RM,133,2660,"20/3/2026, 14:53:43"
"20/3/2026, 14:53:59",WITHDRAW,XB,4,40001156,ปากกาเมจิกสีน้ำเงิน                                                                                    4.75 บาท/แท่ง,24,PC,4.75,114,"20/3/2026, 14:53:59"
"20/3/2026, 14:54:17",WITHDRAW,XB,6,40001158,ปากกาเมจิกสีแดง                                                                                       4.75 บาท/แท่ง,24,PC,4.75,114,"20/3/2026, 14:54:17"
"20/3/2026, 14:54:47",WITHDRAW,XB-A1,3,40001154,ปากกาลูกลื่นสีน้ำเงิน (BB-C)                                                                          2 บาท/แท่ง,10,PC,2,20,"20/3/2026, 14:54:47"
"20/3/2026, 14:55:02",WITHDRAW,XB-A1,141,40001351,กระดานรองจด                                                                                                 28 บาท/อัน,3,PC,28,84,"20/3/2026, 14:55:02"
"20/3/2026, 14:55:16",WITHDRAW,XB-A1,181,40001492,TAG ULD/CONTAINER IDENTIFICATION TAG FOR CARGO         625 บาท/กล่อง,3,BOX,625,1875,"20/3/2026, 14:55:16"
"20/3/2026, 14:55:36",WITHDRAW,XB-A1,17,40001172,ปากกาลบคำผิด                                                                                        45.25 บาท/แท่ง,5,PC,35,175,"20/3/2026, 14:55:36"
"20/3/2026, 14:56:03",WITHDRAW,XB-A1,44,40001202,เทปใส 3M (BB-C)                                                                                   37.57 บาท/ม้วน,2,RL,36,72,"20/3/2026, 14:56:03"
"20/3/2026, 14:56:22",WITHDRAW,XB-A1,7,40001159,ปากกาเคมีเส้นโต(หัวตัดสีน้ำเงิน) (BB-C)                                                     12 บาท/แท่ง,24,PC,12,288,"20/3/2026, 14:56:22"
"20/3/2026, 14:56:34",WITHDRAW,XB-A1,6,40001158,ปากกาเมจิกสีแดง                                                                                       4.75 บาท/แท่ง,36,PC,4.75,171,"20/3/2026, 14:56:34"
"20/3/2026, 14:57:01",WITHDRAW,XB-B4,209,20007692,ถุงมือยาง                                                                                                     79 บาท/กล่อง,1,BOX,79,79,"20/3/2026, 14:57:01"
"20/3/2026, 14:57:22",WITHDRAW,XB-B4,7,40001159,ปากกาเคมีเส้นโต(หัวตัดสีน้ำเงิน) (BB-C)                                                     12 บาท/แท่ง,48,PC,12,576,"20/3/2026, 14:57:22"
"20/3/2026, 15:06:37",WITHDRAW,XB-B1,172,40001481,PLASTIC TAPE/เทปกาว (1/72)                                                                 4.49 บาท/ม้วน  ,720,RL,4.49,3232.8,"20/3/2026, 15:06:37"
"20/3/2026, 15:07:00",WITHDRAW,XB-B1,3,40001154,ปากกาลูกลื่นสีน้ำเงิน (BB-C)                                                                          2 บาท/แท่ง,10,PC,2,20,"20/3/2026, 15:07:00"
"20/3/2026, 15:07:19",WITHDRAW,XB-B1,201,10029826,เทปลบคำผิด                                                                                                    27 บาท/อัน,5,PC,25,125,"20/3/2026, 15:07:19"
"20/3/2026, 15:07:46",WITHDRAW,DX-A/SAFETY,7,40001159,ปากกาเคมีเส้นโต(หัวตัดสีน้ำเงิน) (BB-C)                                                     12 บาท/แท่ง,3,PC,12,36,"20/3/2026, 15:07:46"
"20/3/2026, 15:08:13",WITHDRAW,XB--C4,96,40001284,หนังยางรัดของเส้นเล็ก                                                                              118.26 บาท/ถุง,1,BAG,118.26,118.26,"20/3/2026, 15:08:13"
"20/3/2026, 15:08:23",WITHDRAW,XB--C4,36,40001194,คลิปดำหนีบกระดาษขนาด NO. 112 (BB-C) 8 mm                                      0.55 บาท/อัน,24,PC,0.55,13.2,"20/3/2026, 15:08:23"
"20/3/2026, 15:08:34",WITHDRAW,XB--C4,34,40001192,คลิปดำหนีบกระดาษขนาด NO. 110 (BB-C) 12 mm                                    1.15 บาท/อัน,24,PC,1.15,27.6,"20/3/2026, 15:08:34"
"20/3/2026, 15:08:50",WITHDRAW,XB--C4,3,40001154,ปากกาลูกลื่นสีน้ำเงิน (BB-C)                                                                          2 บาท/แท่ง,10,PC,2,20,"20/3/2026, 15:08:50"
"20/3/2026, 15:09:59",WITHDRAW,XB--C4,47,40001205,ปากกาสะท้อนแสง (BB-C)                                                                              23 บาท/อัน,2,PC,11,22,"20/3/2026, 15:09:59"
"20/3/2026, 15:10:25",WITHDRAW,XB--D,34,40001192,คลิปดำหนีบกระดาษขนาด NO. 110 (BB-C) 12 mm                                    1.15 บาท/อัน,12,PC,1.15,13.8,"20/3/2026, 15:10:25"
"20/3/2026, 15:10:39",WITHDRAW,XB-D,35,40001193,คลิปดำหนีบกระดาษขนาด NO. 111 (BB-C) 10 mm                                    0.89 บาท/อัน,12,PC,0.89,10.68,"20/3/2026, 15:10:39"
"20/3/2026, 15:11:01",WITHDRAW,XB--D,47,40001205,ปากกาสะท้อนแสง (BB-C)                                                                              23 บาท/อัน,1,PC,11,11,"20/3/2026, 15:11:01"
"20/3/2026, 15:11:23",WITHDRAW,XB--B5,172,40001481,PLASTIC TAPE/เทปกาว (1/72)                                                                 4.49 บาท/ม้วน  ,216,RL,4.49,969.84,"20/3/2026, 15:11:23"
"20/3/2026, 15:11:45",WITHDRAW,XB--B5,97,40001285,หนังยางรัดของเส้นใหญ่                                                                                 240 บาท/ถุง ,1,BAG,420,420,"20/3/2026, 15:11:45"
"20/3/2026, 15:12:06",WITHDRAW,XB--B5,172,40001481,PLASTIC TAPE/เทปกาว (1/72)                                                                 4.49 บาท/ม้วน  ,144,RL,4.49,646.56,"20/3/2026, 15:12:06"
"20/3/2026, 15:12:20",WITHDRAW,XB--B5,3,40001154,ปากกาลูกลื่นสีน้ำเงิน (BB-C)                                                                          2 บาท/แท่ง,6,PC,2,12,"20/3/2026, 15:12:20"
"20/3/2026, 15:12:36",WITHDRAW,XB--B5,19,40001175,ลวดหนีบกระดาษขนาด 3 ซม. (BB-C)                                                     5.70 บาท/กล่อง,3,BOX,4,12,"20/3/2026, 15:12:36"
"20/3/2026, 15:12:49",WITHDRAW,XB--B5,11,40001163,ถ่านขนาดAA                                                                                            14.50 บาท/ก้อน,4,PC,14.5,58,"20/3/2026, 15:12:49"
"20/3/2026, 15:13:22",WITHDRAW,XB--B5,111,40001303,สมุดปกแข็งขนาด 5/100                                                                             73.50 บาท/เล่ม,2,PC,73.5,147,"20/3/2026, 15:13:22"
"24/3/2026, 10:27:59",WITHDRAW,XB-A2,173,40001482,กระดาษถ่ายเอกสารA-4                                                                                   67 บาท/รีม ,2,RM,37,74,"24/3/2026, 10:27:59"
"24/3/2026, 10:28:23",WITHDRAW,XB-A2,149,40001366,ถุงมือผ้า (1/12)                                                                                                3.75 บาท/คู่,120,PR,3.75,450,"24/3/2026, 10:28:23"
"24/3/2026, 10:28:37",WITHDRAW,XB-A2,209,20007692,ถุงมือยาง                                                                                                     79 บาท/กล่อง,2,BOX,79,158,"24/3/2026, 10:28:37"
"24/3/2026, 10:29:41",WITHDRAW,XB-A2,39,40001197,มีดคัตเตอร์ขนาดใหญ่                                                                                    120 บาท/อัน,1,PC,120,120,"24/3/2026, 10:29:41"
"24/3/2026, 10:29:59",WITHDRAW,XB-A2,40,40001198,ใบมีดคัตเตอร์ขนาดใหญ่ (1/6)                                                                           6 บาท/ใบ,6,PC,6,36,"24/3/2026, 10:29:59"
"24/3/2026, 10:31:13",WITHDRAW,XB-D3,103,40001293,ซองทึบสีน้ำตาลขนาดกลาง                                                                       2.10 บาท/แพ็ค,25,PAC,2.1,52.5,"24/3/2026, 10:31:13"
"24/3/2026, 10:31:51",WITHDRAW,XB-D3,196,40001529,แฟ้มสีม่วง 2 รู                                                                                               65 บาท/แฟ้ม,24,PC,65,1560,"24/3/2026, 10:31:51"
"24/3/2026, 10:32:09",WITHDRAW,XB-A2,40,40001198,ใบมีดคัตเตอร์ขนาดใหญ่ (1/6)                                                                           6 บาท/ใบ,6,PC,6,36,"24/3/2026, 10:32:09"
"24/3/2026, 10:32:55",WITHDRAW,XB-B1,172,40001481,PLASTIC TAPE/เทปกาว (1/72)                                                                 4.49 บาท/ม้วน  ,576,RL,4.49,2586.24,"24/3/2026, 10:32:55"
"24/3/2026, 10:33:04",WITHDRAW,XB-B1,170,40001477,PLASTIC ERAP/ฟิล์มยืด (1/6)                                                                    119 บาท/ม้วน ,6,RL,83,498,"24/3/2026, 10:33:04"
"24/3/2026, 10:33:17",WITHDRAW,XB-B1,7,40001159,ปากกาเคมีเส้นโต(หัวตัดสีน้ำเงิน) (BB-C)                                                     12 บาท/แท่ง,12,PC,12,144,"24/3/2026, 10:33:17"
"25/3/2026, 9:29:41",WITHDRAW,XB-A1,12,40001164,ถ่านขนาด D                                                                                                  64 บาท/ก้อน,22,PC,64,1408,"25/3/2026, 9:29:41"
"25/3/2026, 9:30:40",RECEIVE,DX-A3,58,20008746,ซองถนอมเอกสาร (1/20)                                                                         13.50 บาท/แพ็ค,120,PC,13.5,1620,"25/3/2026, 9:30:40"
"25/3/2026, 9:30:56",WITHDRAW,DX-A3,58,20008746,ซองถนอมเอกสาร (1/20)                                                                         13.50 บาท/แพ็ค,20,PC,13.5,270,"25/3/2026, 9:30:56"
"25/3/2026, 9:31:13",WITHDRAW,DX-A3,38,40001196,ใบมีดคัตเตอร์ (BB-C) (1/10)                                                                        1.70 บาท/ใบ,10,PC,1.7,17,"25/3/2026, 9:31:13"
"25/3/2026, 9:31:31",WITHDRAW,DX-A3,20,40001176,ลวดหนีบกระดาษขนาด 5 ซม. (BB-C)                                                        35 บาท/กล่อง,1,BOX,35,35,"25/3/2026, 9:31:31"
"25/3/2026, 9:31:47",WITHDRAW,DX-A3,36,40001194,คลิปดำหนีบกระดาษขนาด NO. 112 (BB-C) 8 mm                                      0.55 บาท/อัน,12,PC,0.55,6.6,"25/3/2026, 9:31:47"
"25/3/2026, 9:32:01",WITHDRAW,DX-A3,94,40001282,STAPLES/เครื่องเย็บกระดาษ                                                                    225 บาท/กล่อง,1,BOX,224,224,"25/3/2026, 9:32:01"
"25/3/2026, 9:32:22",WITHDRAW,DX-A3,93,40001281,STAPLES/ลวดเย็บกระดาษM-8 (1/25)                                                       62 บาท/กล่อง,1,BOX,8,8,"25/3/2026, 9:32:22"
"25/3/2026, 9:32:43",WITHDRAW,XA-A,37,40001195,มีดคัตเตอร์ (BB-C)                                                                                       6.70 บาท/อัน,1,PC,0,0,"25/3/2026, 9:32:43"
"25/3/2026, 9:33:08",WITHDRAW,XB-B2,172,40001481,PLASTIC TAPE/เทปกาว (1/72)                                                                 4.49 บาท/ม้วน  ,360,RL,4.49,1616.4,"25/3/2026, 9:33:08"
"25/3/2026, 9:33:43",RECEIVE,XB-B2,181,40001492,TAG ULD/CONTAINER IDENTIFICATION TAG FOR CARGO         625 บาท/กล่อง,200,BOX,625,125000,"25/3/2026, 9:33:43"
"25/3/2026, 9:34:43",WITHDRAW,XB-B2,181,40001492,TAG ULD/CONTAINER IDENTIFICATION TAG FOR CARGO         625 บาท/กล่อง,5,BOX,625,3125,"25/3/2026, 9:34:43"
"25/3/2026, 9:35:24",WITHDRAW,XB-B2,173,40001482,กระดาษถ่ายเอกสารA-4                                                                                   67 บาท/รีม ,15,RM,37,555,"25/3/2026, 9:35:24"
"25/3/2026, 9:36:32",WITHDRAW,XB-B2,182,40001495,HANDLING REPORT OUTBOUND 3 COPY                                          59 บาท/กล่อง,2,BOX,59,118,"25/3/2026, 9:36:32"
"25/3/2026, 9:36:51",WITHDRAW,XB-B2,186,40001501,LOADING DETAIL                                                                                สั่งพิมพ์ที่ BB-C ,2,BOX,0,0,"25/3/2026, 9:36:51"
"25/3/2026, 9:37:05",WITHDRAW,XB-B2,3,40001154,ปากกาลูกลื่นสีน้ำเงิน (BB-C)                                                                          2 บาท/แท่ง,10,PC,2,20,"25/3/2026, 9:37:05"
"25/3/2026, 9:37:19",WITHDRAW,XB-B2,94,40001282,STAPLES/เครื่องเย็บกระดาษ                                                                    225 บาท/กล่อง,3,BOX,224,672,"25/3/2026, 9:37:19"
"25/3/2026, 9:42:36",RECEIVE,DX-A3/STORE,172,40001481,PLASTIC TAPE/เทปกาว (1/72)                                                                 4.49 บาท/ม้วน  ,11520,RL,4.49,51724.8,"25/3/2026, 9:42:36"
"25/3/2026, 9:43:02",WITHDRAW,XB-C1,172,40001481,PLASTIC TAPE/เทปกาว (1/72)                                                                 4.49 บาท/ม้วน  ,1152,RL,4.49,5172.48,"25/3/2026, 9:43:02"
"25/3/2026, 9:43:21",WITHDRAW,XB-C1,170,40001477,PLASTIC ERAP/ฟิล์มยืด (1/6)                                                                    119 บาท/ม้วน ,12,RL,83,996,"25/3/2026, 9:43:21"
"25/3/2026, 9:43:34",WITHDRAW,XB-C1,32,40001190,คลิปดำหนีบกระดาษขนาด NO. 108 (BB-C) 22 mm                                    2.56 บาท/อัน,12,PC,2.56,30.72,"25/3/2026, 9:43:34"
"25/3/2026, 9:43:48",WITHDRAW,XB-C1,33,40001191,คลิปดำหนีบกระดาษขนาด NO. 109 (BB-C) 17.5 mm                                 1.96 บาท/อัน,12,PC,1.96,23.52,"25/3/2026, 9:43:48"
"25/3/2026, 9:44:06",WITHDRAW,XB-C1,34,40001192,คลิปดำหนีบกระดาษขนาด NO. 110 (BB-C) 12 mm                                    1.15 บาท/อัน,12,PC,1.15,13.8,"25/3/2026, 9:44:06"
"25/3/2026, 9:44:27",WITHDRAW,XB-C1,35,40001193,คลิปดำหนีบกระดาษขนาด NO. 111 (BB-C) 10 mm                                    0.89 บาท/อัน,12,PC,0.89,10.68,"25/3/2026, 9:44:27"
"25/3/2026, 9:45:27",WITHDRAW,XB-C1,40,40001198,ใบมีดคัตเตอร์ขนาดใหญ่ (1/6)                                                                           6 บาท/ใบ,12,PC,6,72,"25/3/2026, 9:45:27"
"25/3/2026, 9:45:36",WITHDRAW,XB-C1,174,20000341,แอลกอฮอร์ (1/35)                                                                                          35 บาท/ขวด,6,ขวด,25,150,"25/3/2026, 9:45:36"
"25/3/2026, 9:46:25",RECEIVE,DX-A3/STORE,4,40001156,ปากกาเมจิกสีน้ำเงิน                                                                                    4.75 บาท/แท่ง,80,PC,4.75,380,"25/3/2026, 9:46:25"
"25/3/2026, 9:46:44",WITHDRAW,XB-C1,4,40001156,ปากกาเมจิกสีน้ำเงิน                                                                                    4.75 บาท/แท่ง,24,PC,4.75,114,"25/3/2026, 9:46:44"
"25/3/2026, 9:46:58",WITHDRAW,XB-C1,6,40001158,ปากกาเมจิกสีแดง                                                                                       4.75 บาท/แท่ง,24,PC,4.75,114,"25/3/2026, 9:46:58"
"25/3/2026, 9:47:27",WITHDRAW,XB-C3,170,40001477,PLASTIC ERAP/ฟิล์มยืด (1/6)                                                                    119 บาท/ม้วน ,12,RL,83,996,"25/3/2026, 9:47:27"
"25/3/2026, 9:48:37",WITHDRAW,XB-C3,175,40001484,กระดาษ D/O XB-D1                                                                                      133 บาท/รีม,20,RM,133,2660,"25/3/2026, 9:48:37"
"25/3/2026, 9:48:50",WITHDRAW,XB-C3,172,40001481,PLASTIC TAPE/เทปกาว (1/72)                                                                 4.49 บาท/ม้วน  ,72,RL,4.49,323.28,"25/3/2026, 9:48:50"
"25/3/2026, 9:49:11",WITHDRAW,XB-C3,4,40001156,ปากกาเมจิกสีน้ำเงิน                                                                                    4.75 บาท/แท่ง,36,PC,4.75,171,"25/3/2026, 9:49:11"
"25/3/2026, 9:49:27",WITHDRAW,XB-C3,93,40001281,STAPLES/ลวดเย็บกระดาษM-8 (1/25)                                                       62 บาท/กล่อง,10,BOX,8,80,"25/3/2026, 9:49:27"
"25/3/2026, 9:49:47",WITHDRAW,XB-C3,209,20007692,ถุงมือยาง                                                                                                     79 บาท/กล่อง,2,BOX,79,158,"25/3/2026, 9:49:47"
"25/3/2026, 9:50:11",WITHDRAW,XB-B5,201,10029826,เทปลบคำผิด                                                                                                    27 บาท/อัน,7,PC,25,175,"25/3/2026, 9:50:11"
"25/3/2026, 9:50:26",WITHDRAW,XB-B5,79,40001259,ACCEPTANCE CHECKLIST FOR DRY ICE                                             40 บาท/เล่ม,5,PC,40,200,"25/3/2026, 9:50:26"
"25/3/2026, 9:50:46",WITHDRAW,XB-B5,192,40001518,STICKER SECURITY (1/100) XB-B5                                                        19 บาท/ม้วน,300,RL,19,5700,"25/3/2026, 9:50:46"
"25/3/2026, 9:51:12",WITHDRAW,XB-B5,200,40001536,กล่องกระดาษลูกฟูก 5 ชั้น ขนาด 34x60x43                                                61 บาท/กล่อง,5,BOX,61,305,"25/3/2026, 9:51:12"
"25/3/2026, 9:51:35",WITHDRAW,XB-B5,21,40001177,แท่นประทับตรายางสีน้ำเงิน (BB-C)                                                           21.65 บาท/อัน,1,PC,21.65,21.65,"25/3/2026, 9:51:35"
"25/3/2026, 9:51:49",WITHDRAW,XB-B5,16,40001171,ไม้บรรทัดขนาด 12 นิ้ว                                                                                   1.48 บาท/อัน,5,PC,1.48,7.4,"25/3/2026, 9:51:49"
"25/3/2026, 9:52:13",WITHDRAW,XB-D1,94,40001282,STAPLES/เครื่องเย็บกระดาษ                                                                    225 บาท/กล่อง,3,BOX,224,672,"25/3/2026, 9:52:13"
"25/3/2026, 9:52:28",WITHDRAW,XB-D1,93,40001281,STAPLES/ลวดเย็บกระดาษM-8 (1/25)                                                       62 บาท/กล่อง,1,BOX,8,8,"25/3/2026, 9:52:28"
"25/3/2026, 9:52:48",WITHDRAW,XB-D1,49,40001207,กรรไกร                                                                                                             65 บาท/อัน,1,PC,63,63,"25/3/2026, 9:52:48"